component,s,c1,c2,rho0,rho1,rho2,psi_residual
Case1-arc,0.0,-1.2769405650257788,1.313305495476774,0.002497675071049081,0.5976457929539251,0.5865268995082141,-5.684341886080802e-14
Case1-arc,0.008694419863975428,-1.270199243041065,1.3059193883855884,0.009536809024265359,0.6073694588971001,0.5959592601567473,-5.684341886080802e-14
Case1-arc,0.01738883972814304,-1.263457542996337,1.298533626368343,0.01696505364160739,0.6172803297032238,0.6055681260644236,-5.684341886080802e-14
Case1-arc,0.02608325959251819,-1.2567154520412667,1.2911482211914551,0.024801474821430327,0.6273819884073693,0.6153565972619824,-6.039613253960852e-14
Case1-arc,0.03477767945711699,-1.2499729567811149,1.283763185122131,0.033066067596138934,0.6376780549943483,0.6253277858053157,-7.460698725481052e-14
Case1-arc,0.04347209932195701,-1.2432300432467707,1.2763785309560718,0.041779801620156584,0.6481721837396252,0.6354848116997109,-7.815970093361102e-14
Case1-arc,0.052166519187057565,-1.2364866968627055,1.2689942720471192,0.050964668868616454,0.6588680602388785,0.6458307984252789,-7.105427357601002e-14
Case1-arc,0.060860939052439875,-1.229742902412671,1.261610422339,0.06064373365381165,0.6697693981029897,0.6563688680344333,-8.526512829121202e-14
Case1-arc,0.06955535891812703,-1.222998644002947,1.2542269963993502,0.07084118507218465,0.68087993529387,0.6671021357904479,-8.171241461241152e-14
Case1-arc,0.07824977878414498,-1.2162539050229246,1.246844009456222,0.08158239200226806,0.6922034300750779,0.6780337043141583,-8.704148513061227e-14
Case1-arc,0.08694419865052123,-1.2095086681028009,1.239461477437282,0.09289396077851153,0.7037436565496696,0.6891666572038344,0.0
Case1-arc,0.0956386185172863,-1.2027629150681098,1.2320794170119553,0.10480379567842485,0.7155043997562067,0.7005040520910765,1.7763568394002505e-15
Case1-arc,0.10433303838447339,-1.1960166268908403,1.224697845636756,0.11734116236095243,0.7274894502921793,0.7120489130933605,-1.7763568394002505e-15
Case1-arc,0.11302745825211966,-1.1892697836367891,1.2173167816041282,0.13053675441504356,0.7397025984325437,0.7238042226214192,3.552713678800501e-15
Case1-arc,0.12172187812026575,-1.182522364408833,1.2099362440950985,0.14442276317820307,0.7521476277093218,0.735772912497202,5.329070518200751e-15
Case1-arc,0.13041629798895643,-1.1757743472857245,1.2025562532361103,0.15903295100231638,0.7648283079165306,0.7479578543355361,8.881784197001252e-15
Case1-arc,0.13911071785824117,-1.1690257092559928,1.1951768301604329,0.17440272815731106,0.7777483875029824,0.7603618491398568,-5.329070518200751e-15
Case1-arc,0.14780513772817513,-1.1622764261464773,1.1877979970745904,0.19056923357821284,0.790911585313745,0.7729876160595517,1.7763568394002505e-15
Case1-arc,0.15649955759881848,-1.15552647254497,1.1804197773303071,0.20757141968146928,0.8043215816393218,0.7858377802534473,0.0
Case1-arc,0.16519397747023898,-1.1487758217163901,1.1730421955025059,0.22545014149458692,0.8179820085299173,0.7989148598009029,-3.552713678800501e-15
Case1-arc,0.17388839734251152,-1.1420244455118371,1.1656652774739857,0.24424825037093925,0.8318964393304511,0.8122212515986936,3.552713678800501e-15
Case1-arc,0.18258281721571923,-1.1352723142698034,1.158289050527452,0.26401069258778426,0.8460683773904308,0.8257592161785233,0.0
Case1-arc,0.19127723708995495,-1.1285193967087346,1.1509135434456657,0.2847846131587783,0.8605012439012486,0.839530861376508,5.329070518200751e-15
Case1-arc,0.19997165696532274,-1.121765659810035,1.1435387866205728,0.30661946523229494,0.8751983648121197,0.8535381247823043,-3.552713678800501e-15
Case1-arc,0.2086660768419384,-1.1150110686905037,1.1361648121723689,0.3295671254895377,0.8901629567746647,0.8677827548918196,-2.6645352591003757e-15
Case1-arc,0.21736049671993166,-1.1082555864630588,1.1287916540795853,0.35368201601231564,0.905398112065162,0.8822662908834874,-8.881784197001252e-16
Case1-arc,0.22605491659944887,-1.1014991740844704,1.1214193483214103,0.37902123314972397,0.9209067824327664,0.8969900409340511,3.552713678800501e-15
Case1-arc,0.23474933648065485,-1.09474179018866,1.1140479330336213,0.40564468398820436,0.9366917618216262,0.9119550589855755,1.7763568394002505e-15
Case1-arc,0.2434437563637345,-1.087983390903935,1.106677448679677,0.43361523111484096,0.952755667914849,0.9271621198710195,3.552713678800501e-15
Case1-arc,0.25213817624889623,-1.0812239296523132,1.09930793823873,0.4629988464666347,0.9691009224488185,0.9426116927011833,8.881784197001252e-16
Case1-arc,0.26083259613637805,-1.0744633569288524,1.0919394474125452,0.4938647751784974,0.9857297302474756,0.9583039124110811,-2.6645352591003757e-15
Case1-arc,0.26952701602644863,-1.0677016200586196,1.0845720248536,0.5262857104859061,1.0026440569280326,0.9742385493588637,1.7763568394002505e-15
Case1-arc,0.2782214359194132,-1.0609386629285977,1.0772057224169374,0.5603379809093739,1.0198456052323346,0.9904149768652346,8.881784197001252e-16
Case1-arc,0.28691585581562057,-1.0541744256914678,1.0698405954387167,0.5961017511459509,1.0373357899417786,1.0068321365758726,3.552713678800501e-15
Case1-arc,0.2956102757154697,-1.0474088444377567,1.0624767030448332,0.6336612383373526,1.0551157113387,1.0234885015235469,-1.7763568394002505e-15
Case1-arc,0.3043046956194154,-1.0406418508323465,1.0551141084934652,0.6731049456645822,1.0731861271835135,1.0403820367605146,8.881784197001252e-16
Case1-arc,0.3129991155279827,-1.0338733717107316,1.04775287955598,0.7145259155636932,1.0915474231850397,1.0575101574250823,0.0
Case1-arc,0.32169353544177426,-1.0271033286297555,1.040393088941315,0.7580220052578333,1.1101995819515265,1.0748696840990104,-1.7763568394002505e-15
Case1-arc,0.3303879553614873,-1.0203316373667173,1.0330348147697253,0.8036961877903847,1.1291421504224775,1.0924567953044286,1.3322676295501878e-15
Case1-arc,0.33908237528792917,-1.013558207359817,1.0256781411027338,0.8516568823208248,1.1483742057967037,1.1102669769800266,-3.552713678800501e-15
Case1-arc,0.34777679522203797,-1.0067829410817921,1.018323158537207,0.9020183181398955,1.1678943199907392,1.12829496876615,-8.881784197001252e-16
Case1-arc,0.3564712151649059,-1.0000057333372698,1.0109699648727901,0.9549009376982617,1.1877005226844861,1.146534706916804,0.0
Case1-arc,0.3651656351178129,-0.9932264704728214,1.003618665863467,1.0104318449410863,1.207790263038356,1.1649792636430436,4.440892098500626e-16
Case1-arc,0.37386005508225817,-0.9864450294868484,0.9962693760658778,1.0687453064542538,1.2281603701992199,1.183620782676137,4.440892098500626e-16
Case1-arc,0.38255447506000717,-0.9796612770242181,0.988922219799201,1.1299833143841056,1.2488070127523503,1.2024504108198215,4.440892098500626e-16
Case1-arc,0.3912488950531471,-0.97287506823794,0.9815773322340783,1.1942962218601487,1.26972565732435,1.2214582252377177,8.881784197001252e-16
Case1-arc,0.3999433150641564,-0.9660862454970035,0.9742348606312424,1.2618434637911664,1.2909110265997057,1.2406331561936703,0.0
Case1-arc,0.40863773509598267,-0.9592946369156916,0.9668949657543784,1.3327943785107081,1.3123570570829233,1.259962904927884,0.0
Case1-arc,0.41733215515215555,-0.952500054675045,0.9595578234864169,1.4073291489265065,1.334056857021918,1.2794338563084335,1.3322676295501878e-15
Case1-arc,0.4260265752369121,-0.9457022931015893,0.9522236266842318,1.4856398857173003,1.3560026650092567,1.2990309858435116,8.881784197001252e-16
Case1-arc,0.434720995355366,-0.938901126461563,0.9448925873136869,1.5679318798959812,1.3781858099004025,1.3187377605718973,1.3322676295501878e-15
Case1-arc,0.44341541551372193,-0.9320963064205373,0.9375649389156663,1.654425057945274,1.4005966728369343,1.3385360332632805,-6.661338147750939e-16
Case1-arc,0.4521098357195363,-0.9252875591080233,0.9302409394644244,1.745355680014233,1.4232246523443177,1.358405929251285,4.440892098500626e-16
Case1-arc,0.46080425598206864,-0.9184745817138951,0.9229208746929038,1.8409783307192635,1.4460581336967244,1.378325725083777,0.0
Case1-arc,0.4694986763127233,-0.9116570385276784,0.9156050619763793,1.9415682633919935,1.4690844640157177,1.3982717179982402,2.220446049250313e-16
Case1-arc,0.4781930967256338,-0.9048345563119491,0.9082938548867527,2.047424172803246,1.4922899349099874,1.4182180850035657,-2.220446049250313e-16
Case1-arc,0.48688751723841156,-0.8980067188763096,0.9009876485564404,2.158871489280466,1.5156597748873766,1.4381367300581087,-4.440892098500626e-16
Case1-arc,0.4955819378731559,-0.8911730606870121,0.8936868860246158,2.276266309838622,1.539178154303252,1.4579971174576172,-4.440892098500626e-16
Case1-arc,0.5042763586577794,-0.8843330593075313,0.8863920657820972,2.4000001109190925,1.5628282062824637,1.4777660890582511,8.881784197001252e-16
Case1-arc,0.5129707796277955,-0.8774861264144215,0.8791037507872687,2.53050542456234,1.586592067910497,1.4974076623240273,0.0
Case1-arc,0.5216652008287299,-0.8706315970673056,0.8718225792985592,2.6682627080040477,1.610450947091737,1.516882805355143,0.0
Case1-arc,0.5303596223194165,-0.8637687168269178,0.8645492779649279,2.81380869946549,1.6343852219015627,1.536149183957402,-2.220446049250313e-16
Case1-arc,0.5390540441765532,-0.8568966262043232,0.8572846777427472,2.9677466353686595,1.6583745811272148,1.5551608743614715,-8.881784197001252e-16
Case1-arc,0.5477484665010297,-0.8500143417787673,0.8500297333770503,3.1307588134408357,1.6823982171589849,1.5738680332659467,-2.220446049250313e-16
Case1-arc,0.5564428894268889,-0.8431207331284328,0.8427855474135757,3.303622132148229,1.7064350856829984,1.5922165142818827,-4.440892098500626e-16
Case1-arc,0.5651373131340706,-0.8362144944604353,0.835553400019406,3.48722743381142,1.7304642510597255,1.6101474163440959,-2.220446049250313e-16
Case1-arc,0.5738317378668912,-0.8292941094784501,0.8283347863183893,3.682603747060674,1.7544653423136034,1.6275965448645178,2.220446049250313e-16
Case1-arc,0.5825261639611042,-0.8223578075534642,0.8211314635444666,3.8909488937273977,1.7784191529858684,1.6444937598091427,1.1102230246251565e-16
Case1-arc,0.5912205918841783,-0.8154035086138177,0.8139455111575031,4.113668439710809,1.8023084297219307,1.6607621757160886,2.220446049250313e-16
Case1-arc,0.5999150222962645,-0.8084287532710378,0.8067794082686596,4.352425694249801,1.8261189108850928,1.6763171658006817,1.1102230246251565e-16
Case1-arc,0.6086094561439913,-0.8014306134394572,0.7996361344650158,4.609206496298927,1.8498407000070125,1.691065104012209,-3.3306690738754696e-16
Case1-arc,0.6173038948076508,-0.7944055769298985,0.7925193026869068,4.886404021955202,1.8734700930494699,1.7049017526367083,0.0
Case1-arc,0.62599834033676,-0.7873493969645049,0.7854333366453113,5.186931038454519,1.8970120288139178,1.7177101648239046,5.551115123125783e-17
Case1-arc,0.6346927958357497,-0.7802568939200261,0.7783837110984273,5.514370288439588,1.9204834072248151,1.7293579151268093,-1.1102230246251565e-16
Case1-arc,0.6433872661106116,-0.7731216913468719,0.7713772823417645,5.873178602532112,1.9439176348571354,1.7396933872019529,1.6653345369377348e-16
Case1-arc,0.6520817587817782,-0.7659358606926174,0.7644227505327796,6.268967856624846,1.9673709342131034,1.7485407212041952,0.0
Case1-arc,0.6607762862543778,-0.7586894381816313,0.7575313184449772,6.708897544363563,1.9909312311751632,1.7556928306419173,-2.220446049250313e-16
Case1-arc,0.6694708693134225,-0.7513697617975719,0.7507176489673372,7.2022319884760195,2.0147308770923513,1.7609016035862792,-5.551115123125783e-16
Case1-arc,0.6781655438965968,-0.7439605555266855,0.7440012867110798,7.761143931312839,2.0389651716731167,1.763863954241354,-2.7755575615628914e-16
Case1-arc,0.6868603742767247,-0.7364406637930133,0.7374088158684747,8.401891052259291,2.0639197927300836,1.7642017247114963,-2.3869795029440866e-15
Case1-arc,0.6955554795312777,-0.7287823229530679,0.7309772077894388,9.146559319603623,2.090012033175276,1.7614325206723647,-1.3933298959045715e-14
Case1-arc,0.7042510879958066,-0.7209488922455598,0.7247591126654374,10.025657301290021,2.1178533768468566,1.754927579171496,-8.965050923848139e-14
Case1-arc,0.7129476499232992,-0.7128921940577215,0.7188313057448347,11.081922249393692,2.1483439783739158,1.7438527750919939,2.7755575615628914e-17
Case1-arc,0.7216460606619202,-0.7045504474495317,0.7133079835755979,12.375576356833191,2.1828096443038034,1.7270940394020873,2.914335439641036e-16
Case1-arc,0.730348026834871,-0.695850288274795,0.7083601663357757,13.99026048710413,2.2231745173410125,1.7031923862819127,-1.1102230246251565e-16
Case1-arc,0.7390562797300445,-0.6867223677085825,0.7042371184159618,16.03501384585148,2.2720826539905308,1.6703906493492284,8.326672684688674e-17
Case1-arc,0.7477731482663338,-0.6771471593681628,0.7012651755161944,18.6283654228496,2.3326643377489336,1.6270537893304333,-9.71445146547012e-17
Case1-arc,0.7564959285765573,-0.6672274943495452,0.699763945118339,21.84592176219118,2.4074617652432058,1.5727304213116688,1.1796119636642288e-16
Case1-arc,0.7652157968131189,-0.6571987048128751,0.6998620916547154,25.656850830369994,2.4968883248202935,1.5091919759379868,-2.7755575615628914e-17
Case1-arc,0.7739269151273733,-0.6472974066820979,0.7013946656496453,29.93656628587254,2.5991433319410837,1.439823968045142,2.706168622523819e-16
Case1-arc,0.7826303171421585,-0.6376397596697598,0.7040284043852189,34.54994650827724,2.711822921817593,1.3678461545091682,-7.979727989493313e-17
Case1-arc,0.7913291321780356,-0.6282330228426508,0.7074363995680152,39.40327728237098,2.8331289206048114,1.2954047794371082,-3.469446951953614e-17
Case1-arc,0.8000256219638886,-0.6190364113793767,0.7113695863518562,44.44549250741988,2.962043282693546,1.223694921622092,-5.463338115241356e-14
Case1-arc,0.8087209967136763,-0.61,0.7156550543705765,49.65377298857251,3.0981086093005468,1.1533271072688343,-8.847089727481716e-17
Case1-arc,0.8174159783755492,-0.6010793046642725,0.7201754656783858,55.02181524892128,3.2412163489367027,1.0845940093487867,-1.5702716904542058e-14
Case1-arc,0.8261106419722676,-0.5922389947510306,0.7248503482895444,60.55255946358729,3.391464379133571,1.0176249254066687,-2.499736528882579e-15
Case1-arc,0.8348051582853696,-0.5834516073670166,0.7296236115008032,66.25480000400475,3.5490914748805733,0.9524599930567569,-3.1138286393783687e-16
Case1-arc,0.8434996094773661,-0.5746962226382089,0.7344551701481258,72.14107774041632,3.714433283208144,0.8890932267929991,-7.892991815694472e-17
Case1-arc,0.8521940353840631,-0.5659569209167702,0.7393156993876279,78.22668325775673,3.8879017412567487,0.8274940114842231,-1.734723475976807e-17
Case1-arc,0.86088845525243,-0.5572215447635089,0.7441832658870298,84.52916529845827,4.069975101139267,0.7676187373088574,-3.2699537522162814e-16
Case1-arc,0.8695828781433939,-0.5484807629084271,0.7490411257302666,91.06811994795521,4.261194073290729,0.7094172617570302,1.0928757898653885e-16
Case1-arc,0.8782773080228913,-0.539727377614302,0.7538762551335437,97.86514494971267,4.462161726588411,0.6528365798344273,1.0842021724855044e-17
Case1-arc,0.8869717463063032,-0.5309558147924878,0.7586783494094349,104.94389897146036,4.673545898805436,0.59782294353178,-3.209238430557093e-17
Case1-arc,0.8956661931520639,-0.5221617476585735,0.7634391270747165,112.3302345079346,4.896083467615968,0.5443230960830374,-4.119968255444917e-16
Case1-arc,0.9043606481265204,-0.5133418171400839,0.7681518368440758,120.05238867424474,5.130586163431789,0.4922849882788061,1.7954387976359953e-16
Case1-arc,0.9130551105467307,-0.5044934224136114,0.7728109021755682,128.1412249602874,5.377947799125689,0.44165818515384403,-1.0169816377914032e-16
Case1-arc,0.9217495796553156,-0.49561456253020736,0.7774116608113462,136.63052435536528,5.639152913972204,0.3923940842858053,-6.058521739848999e-16
Case1-arc,0.9304440547070408,-0.48670371553230124,0.781950171067602,145.55732780227723,5.9152869146711575,0.3444460179390075,-1.829049064983046e-16
Case1-arc,0.9391385350090072,-0.47775974531904,0.7864230657862372,154.96233460235177,6.207547864123293,0.2977692830166545,-7.090682208055199e-17
Case1-arc,0.9478330199361764,-0.46878182923486794,0.7908274408293928,164.8903636754669,6.5172601297915325,0.2523211260926861,-3.060702732926579e-16
Case1-arc,0.9565275089345157,-0.459769401275333,0.7951607689568608,175.39088679467275,6.845890165165472,0.20806070071452717,-2.0274580625478933e-16
Case1-arc,0.9652220015177411,-0.4507221071687109,0.7994208325947817,186.51864527365268,7.195064765112433,0.16494900797036088,-1.1183545409187978e-16
Case1-arc,0.9739164972615094,-0.441639768566624,0.8036056708319549,198.33436426099743,7.5665922132481525,0.12294882742225609,-3.5152544937411268e-16
Case1-arc,0.9826109957966809,-0.4325223542806814,0.807713537249537,210.90558194503524,7.962486831135943,0.08202464303214935,-2.2693706722837215e-16
Case1-arc,0.9913054968024457,-0.4233699570133174,0.811742866084316,224.30761477083905,8.384997550018598,0.04214256710485993,-3.592097322716037e-17
Case1-arc,1.0,-0.4141827744053656,0.8156922448639925,238.6246844180804,8.836641261653636,0.00327026422052289,-6.265146957002213e-16
Case2-loop,0.0,0.009275481677442451,-1.095335685674362,23.908913595266483,0.01433830084371095,1.2002649472902664,1.4918621893400541e-15
Case2-loop,0.008927757105294459,0.01926668412650557,-1.0949129138305589,23.470312547919303,0.029809409152405007,1.2065855784073303,5.134781488891349e-16
Case2-loop,0.017855514841495588,0.029252787046840877,-1.0943831733199765,23.036964698072662,0.04530055951702107,1.2126332382994556,3.309852392163748e-15
Case2-loop,0.02678327324576022,0.039232628163369615,-1.0937462566854472,22.608732286407523,0.06081052351604657,1.2184113723191998,8.326672684688674e-16
Case2-loop,0.03571103235805128,0.04920503615623932,-1.0930019541959028,22.1854809375299,0.0763381064154973,1.2239233907486249,1.6792123247455493e-15
Case2-loop,0.04463879222160827,0.05916883003592141,-1.0921500529541022,21.767079536693956,0.09188214996536168,1.22917267438917,3.913536161803677e-15
Case2-loop,0.05356655288312335,0.06912281844781831,-1.0911903359255966,21.353400111054597,0.10744153545390388,1.2341625802945992,5.564992910933597e-15
Case2-loop,0.0624943143931992,0.0790657988990432,-1.0901225808808463,20.94431771522096,0.12301518704888352,1.2388964476815698,5.9396931817445875e-15
Case2-loop,0.07142207680675017,0.08899655689796435,-1.0889465592415162,20.539710320940642,0.13860207545670403,1.243377604055311,-1.7763568394002505e-15
Case2-loop,0.08034984018323782,0.09891386499615709,-1.0876620348208805,20.139458710744652,0.15420122193495078,1.2476093715922052,2.220446049250313e-15
Case2-loop,0.08927760458751952,0.10881648172199976,-1.0862687624468943,19.743446375358186,0.16981170269997617,1.251595073826255,3.899658373995862e-15
Case2-loop,0.09820537009015054,0.11870315039138682,-1.0847664864553377,19.35155941478422,0.18543265377313195,1.2553380426910177,3.941291737419306e-15
Case2-loop,0.10713313676814679,0.12857259778157976,-1.0831549390385289,18.963686442883535,0.20106327631917081,1.2588416259761803,4.524158825347513e-15
Case2-loop,0.11606090470566456,0.1384235326503304,-1.081433838433469,18.579718495361575,0.21670284253469965,1.2621091952647292,2.3869795029440866e-15
Case2-loop,0.12498867399489161,0.14825464408082642,-1.0796028869310446,18.19954894105327,0.23235070215420137,1.2651441544258866,5.551115123125783e-17
Case2-loop,0.133916444736918,0.158064599629493,-1.077661768685574,17.823073396439604,0.24800628964968557,1.2679499487491224,-1.6653345369377348e-16
Case2-loop,0.1428442170428657,0.16785204325081743,-1.0756101473011073,17.450189643331367,0.26366913221189625,1.2705300748167951,5.662137425588298e-15
Case2-loop,0.1517719910352155,0.17761559296896273,-1.0734476631677294,17.080797549696552,0.279338858613183,1.2728880912270677,5.551115123125783e-15
Case2-loop,0.16069976684905074,0.1873538382609706,-1.0711739305174959,16.71479899364805,0.2950152090666433,1.2750276302953605,2.7200464103316335e-15
Case2-loop,0.16962754463389318,0.19706533711181867,-1.0687885341651098,16.352097790605985,0.31069804621521513,1.276952410882582,4.524158825347513e-15
Case2-loop,0.17855532455555595,0.20674861269363673,-1.066291025893813,15.992599623745782,0.326387367402601,1.2786662525212316,3.0808688933348094e-15
Case2-loop,0.18748310679837352,0.21640214961458562,-1.0636809204410116,15.636211977858698,0.3420833184034679,1.2801730910383,-5.828670879282072e-16
Case2-loop,0.19641089156774125,0.22602438967313154,-1.0609576910316054,15.282844076835794,0.3577862088178174,1.2814769959064964,4.135580766728708e-15
Case2-loop,0.20533867909333056,0.2356137270428085,-1.0581207643991348,14.93240682505175,0.373496529368454,1.282582189594393,7.771561172376096e-16
Case2-loop,0.21426646963245172,0.2451685027983051,-1.0551695152261367,14.584812753062627,0.3892149713782827,1.2834930692324773,4.6351811278100286e-15
Case2-loop,0.22319426347437443,0.2546869986791766,-1.052103259924194,14.239975968106696,0.40494244875327234,1.284214230968215,3.4139358007223564e-15
Case2-loop,0.23212206094531754,0.2641674299670454,-1.048921249662267,13.897812110102183,0.420680122850585,1.2847504974500725,2.4424906541753444e-15
Case2-loop,0.24104986241443468,0.2736079373295202,-1.0456226625374023,13.55823831401543,0.4364294306788209,1.2851069489615863,1.942890293094024e-15
Case2-loop,0.2499776683007215,0.28300657745536056,-1.0422065947653605,13.221173179746442,0.45219211695598865,1.285288958824467,1.942890293094024e-15
Case2-loop,0.2589054790818508,0.29236131227209433,-1.0386720507487908,12.886536750968373,0.46797027064792734,1.2853022338087823,5.329070518200751e-15
Case2-loop,0.2678332953040927,0.30166999649319465,-1.0350179318584676,12.554250504850518,0.48376636672115403,1.2851528604332214,5.384581669432009e-15
Case2-loop,0.2767611175950442,0.31093036319287887,-1.0312430237355472,12.224237355042822,0.49958331398666933,1.2848473582158133,4.385380947269368e-15
Case2-loop,0.2856889466787565,0.32014000704055595,-1.027345981892649,11.896421671085925,0.5154245100743231,1.284392741153102,3.885780586188048e-15
Case2-loop,0.29461678339440606,0.32929636474965684,-1.0233253153550363,11.570729318270198,0.5312939047821343,1.28379658897382,3.6637359812630166e-15
Case2-loop,0.3035446287191614,0.3383966921970286,-1.019179368041913,11.247087723183686,0.5471960732892699,1.2830671300444199,5.384581669432009e-15
Case2-loop,0.3124724837967635,0.34743803754770564,-1.0149062975399672,10.925425971732102,0.5631363010209168,1.2822133382146343,2.9976021664879227e-15
Case2-loop,0.32140034997302036,0.3564172095665357,-1.010504050867686,10.605674948501337,0.5791206823152518,1.2812450464024896,2.6645352591003757e-15
Case2-loop,0.3303282288408567,0.3653307401073886,-1.0059703367684336,10.287767529033962,0.5951562354865211,1.280173080356133,3.4416913763379853e-15
Case2-loop,0.33925612229650814,0.3741748395273948,-1.0013025940059772,9.971638840298187,0.6112510374130148,1.2790094168284112,4.9404924595819466e-15
Case2-loop,0.3481840326115525,0.3829453434706222,-0.9964979550673018,9.657226609427834,0.6274143814357219,1.277767371401288,2.9976021664879227e-15
Case2-loop,0.3571119625253942,0.39163764907763166,-0.9915532046128055,9.344471627426893,0.643656963141024,1.2764618224550637,6.5503158452884236e-15
Case2-loop,0.3660399153642035,0.40024663818665557,-0.9864647319603278,9.033318363418687,0.6599910995494502,1.2751094793580011,5.218048215738236e-15
Case2-loop,0.3749678951957793,0.40876658447110326,-0.9812284768625473,8.72371577703129,0.6764309883630273,1.2737292049360465,4.884981308350689e-15
Case2-loop,0.3838959070324874,0.4171910406694913,-0.975839867865747,8.415618392954132,0.6929930152418796,1.272342404765778,6.661338147750939e-15
Case2-loop,0.39282395709767376,0.42551270106882916,-0.9702937526664519,8.10898772418953,0.70969611857826,1.2709734989225303,5.773159728050814e-15
Case2-loop,0.40175205317954643,0.43372323316149297,-0.9645843201819677,7.803794161172458,0.7265622228682559,1.269650495614802,5.88418203051333e-15
Case2-loop,0.4106802051017491,0.4418130708596922,-0.9587050146463589,7.500019486116009,0.7436167533946874,1.2684056907244259,9.43689570931383e-15
Case2-loop,0.4196084253519954,0.44977115980898374,-0.9526484431207713,7.197660229342269,0.760889246257905,1.2672765226396874,7.771561172376096e-15
Case2-loop,0.4285367299229881,0.4575846432181933,-0.9464062796735851,6.896732162265024,0.7784140682505665,1.2663066177070044,1.2323475573339238e-14
Case2-loop,0.4374651394353306,0.46523847437096943,-0.9399691726138806,6.597276325847597,0.7962312596375835,1.26554706750482,1.1324274851176597e-14
Case2-loop,0.4463936806248546,0.4727149400008915,-0.9333266662753393,6.299367129332504,0.81438750773484,1.265057983503392,1.1324274851176597e-14
Case2-loop,0.4553223882846519,0.4799930778872881,-0.9264671570055109,6.00312322367043,0.8329372471581964,1.2649103745106127,9.103828801926284e-15
Case2-loop,0.4642513077235088,0.48704797414215967,-0.9193779156970125,5.708722049136813,0.8519438585695268,1.2651883818447383,8.659739592076221e-15
Case2-loop,0.4731804977176216,0.49384993412011463,-0.9120452281951212,5.4164191416449246,0.8714808937373933,1.2659918759606117,4.440892098500626e-15
Case2-loop,0.4821100336849073,0.500363541702984,-0.9044547319056523,5.126573367042241,0.8916331793724823,1.2674393485200741,2.220446049250313e-15
Case2-loop,0.4910400103037459,0.5065466648136313,-0.89659206185974,4.839679035228983,0.912497532105892,1.2696708980370663,6.661338147750939e-16
Case2-loop,0.4999705418238708,0.512349544633668,-0.888443957037037,4.556404938096766,0.9341826427469591,1.2728508685561786,-4.440892098500626e-16
Case2-loop,0.5089017568005747,0.5177142377815094,-0.88,4.27763810459904,0.9568074720815068,1.2771693260779868,-9.547918011776346e-15
Case2-loop,0.5178334991309936,0.5225747235174952,-0.8712554107879392,4.00453417293419,0.980496544849466,1.2828408542575847,1.9984014443252818e-15
Case2-loop,0.5267661207589928,0.5268590938935442,-0.8622135060689281,3.73851798117519,1.005375021845907,1.2900997640907563,-1.2656542480726785e-14
Case2-loop,0.5356996670030886,0.5304930398875944,-0.8528900392662356,3.481295232640092,1.0315562832484888,1.2991883591511375,-7.172040739078511e-14
Case2-loop,0.5446340647572678,0.5334066416010456,-0.843315979983199,3.2347667705544683,1.059129809614967,1.3103387833862874,6.661338147750939e-16
Case2-loop,0.5535690813504279,0.5355432432352774,-0.8335384294717842,3.0008663203095653,1.088149420111513,1.3237497893277408,4.440892098500626e-16
Case2-loop,0.56250433251109,0.53686865942429,-0.8236180417900296,2.781326547982609,1.1186272453955366,1.3395641722324625,-2.220446049250313e-16
Case2-loop,0.5714393592021408,0.537377670201208,-0.8136227081297867,2.577430705254743,1.1505373227120808,1.3578547719958047,-8.881784197001252e-16
Case2-loop,0.5803737463368349,0.5370951595745679,-0.8036191269828289,2.3898337912557888,1.1838287126001668,1.378624841253068,-4.440892098500626e-16
Case2-loop,0.5893072206437232,0.5360714285892267,-0.7936650846404864,2.2185152550868796,1.2184433722584445,1.4018223984905287,8.881784197001252e-16
Case2-loop,0.5982396816183256,0.5343737173780753,-0.7838047577638373,2.0628647364526875,1.2543323571841636,1.4273622875748257,-1.3322676295501878e-15
Case2-loop,0.607171169679016,0.5320770190069976,-0.7740676308835109,1.921849028972115,1.2914661601428863,1.455148151270979,-2.6645352591003757e-15
Case2-loop,0.6161018075953574,0.5292565486071849,-0.7644701125872476,1.794195098870262,1.3298386330364371,1.4850891983539232,-5.240252676230739e-14
Case2-loop,0.6250317476154058,0.5259827933212436,-0.7550184303101725,1.678543996051847,1.3694663075980893,1.5171103928857308,-1.9095836023552692e-14
Case2-loop,0.6339611375686752,0.5223189534300652,-0.745711673453731,1.5735586449291146,1.4103854202234989,1.5511571486319125,-4.884981308350689e-15
Case2-loop,0.6428901048501825,0.5183201089301469,-0.7365443827902469,1.4779880143659112,1.4526483601702886,1.5871963976117156,-2.220446049250313e-15
Case2-loop,0.6518187520811702,0.5140334259881988,-0.7275085013188922,1.390698288281555,1.4963204723111048,1.6252156922577454,-8.881784197001252e-16
Case2-loop,0.6607471587041055,0.5094988860084851,-0.7185947276483032,1.3106823868489443,1.541477564928672,1.665221479452236,0.0
Case2-loop,0.6696753848123803,0.5047502090198206,-0.7097933961314736,1.2370568517830451,1.5882041544544823,1.70723720801846,1.3322676295501878e-15
Case2-loop,0.6786034752957929,0.49981578876615607,-0.7010950153698312,1.1690522592184631,1.6365923458301341,1.7513016013176514,0.0
Case2-loop,0.6875314634983788,0.49471955127367123,-0.6924905744759111,1.1060009780364137,1.6867412146535596,1.7974672309565458,4.440892098500626e-16
Case2-loop,0.6964593741605952,0.4894817033047933,-0.6839716983069648,1.0473244514829452,1.7387565688199154,1.8457994244890557,4.440892098500626e-16
Case2-loop,0.7053872256741148,0.4841193658255495,-0.6755307081886416,0.9925211361656041,1.7927509929070853,1.8963754921856546,1.3322676295501878e-15
Case2-loop,0.7143150317647551,0.47864710106399705,-0.6671606258595482,0.941155611030934,1.848844104642624,1.9492842401027402,-4.440892098500626e-16
Case2-loop,0.7232428027292717,0.47307734685767927,-0.6588551450802493,0.8928490198906086,1.907162974690349,2.0046257337276745,0.0
Case2-loop,0.7321705463381732,0.4674207728846259,-0.6506085863469199,0.8472708276496738,1.9678426779148517,2.062511280183555,-1.7763568394002505e-15
Case2-loop,0.7410982684934125,0.4616865723366943,-0.64241584422278,0.8041317832541635,2.03102695680709,2.1230636030969903,-4.440892098500626e-16
Case2-loop,0.7500259737075397,0.4558827008288461,-0.6342723329756338,0.7631779488523165,2.0968689868921464,2.1864171907798493,-8.881784197001252e-16
Case2-loop,0.7589536654544408,0.4500160724374103,-0.626173933780189,0.724185649512739,2.1655322406503674,2.2527188045347013,-1.7763568394002505e-15
Case2-loop,0.7678813464260398,0.4440927209962927,-0.618116945228428,0.6869572066401071,2.237191451491509,2.3221281393682394,2.6645352591003757e-15
Case2-loop,0.7768090187223584,0.4381179332468581,-0.6100980379575096,0.6513173329040172,2.3120336832680346,2.3948186342530082,-8.881784197001252e-16
Case2-loop,0.7857366839921652,0.43209635916016786,-0.6021142136497161,0.6171100828217175,2.3902595140401637,2.470978433351915,-1.7763568394002505e-15
Case2-loop,0.7946643435381128,0.42603210370393224,-0.5941627683350406,0.5841962689131772,2.4720843456996393,2.5508115035405208,1.7763568394002505e-15
Case2-loop,0.8035919983955813,0.4199288034841757,-0.5862412597523943,0.5524512676354387,2.557739853793714,2.634538917229664,-8.881784197001252e-16
Case2-loop,0.8125196493924095,0.4137896910162353,-0.5783474784395061,0.5217631517569176,2.6474755946756643,2.722400313087311,-4.440892098500626e-16
Case2-loop,0.8214472971941729,0.407617648841755,-0.570479422191042,0.49203109645159854,2.7415607900627803,2.8146555509001123,1.3322676295501878e-15
Case2-loop,0.8303749423388909,0.4014152552792172,-0.5626352735244414,0.4631640153103378,2.840286312354884,2.9115865806557437,-1.7763568394002505e-15
Case2-loop,0.8393025852638434,0.3951848232541485,-0.5548133798111985,0.4350793899005945,2.9439668977573805,3.0134995500812956,-2.6645352591003757e-15
Case2-loop,0.8482302263260363,0.3889284333830577,-0.5470122357585031,0.4077022626644317,3.0529436184885883,3.1207271794786577,1.7763568394002505e-15
Case2-loop,0.8571578658184285,0.38264796226668524,-0.5392304679555477,0.38096436802688577,3.167586650286484,3.2336314379218223,-1.7763568394002505e-15
Case2-loop,0.8660855039825903,0.37634510677442057,-0.531466821230535,0.35480338078581714,3.2882983771748266,3.35260656084421,-1.3322676295501878e-15
Case2-loop,0.8750131410185004,0.3700214049612846,-0.5237201465936226,0.32916226431470985,3.415516882219005,3.4780824559700725,-4.440892098500626e-16
Case2-loop,0.8839407770923963,0.363678254145499,-0.5159893905679528,0.30398870396151273,3.5497198809983184,3.6105285526396917,-4.440892098500626e-16
Case2-loop,0.8928684123431692,0.35731692658332975,-0.5082735857358496,0.2792346133884206,3.691429163988691,3.750458159092995,2.220446049250313e-15
Case2-loop,0.9017960468871573,0.3509385831039514,-0.500571842349724,0.25485570354989384,3.8412156253024747,3.898433403526686,4.440892098500626e-16
Case2-loop,0.9107236808222682,0.3445442850056731,-0.4928833408756578,0.23081110562134333,3.9997049686850468,4.055070848141215,-8.881784197001252e-16
Case2-loop,0.9196513142311571,0.33813500446613975,-0.48520732535565664,0.20706304053981392,4.167584197733383,4.221047881356633,-1.3322676295501878e-15
Case2-loop,0.9285789471838538,0.33171163367792816,-0.4775430974887999,0.1835765289353107,4.345609016628056,4.397110012544631,8.881784197001252e-16
Case2-loop,0.9375065797399206,0.32527499288765743,-0.4698900113446667,0.16031913616753551,4.534612290943893,4.584079216678195,1.3322676295501878e-15
Case2-loop,0.94643421195015,0.3188258374890512,-0.46224746863366084,0.1372607479658525,4.735513746255941,4.782863504161823,3.552713678800501e-15
Case2-loop,0.9553618438579785,0.3123648642972775,-0.45461491446840196,0.11437337282642203,4.949331116435314,4.994467924909869,-2.220446049250313e-15
Case2-loop,0.9642894755006897,0.30589271711282834,-0.4469918335588225,0.09163096787208136,5.177192995171,5.220007256909001,-8.881784197001252e-16
Case2-loop,0.9732171069103656,0.29940999166728427,-0.43937774679097424,0.06900928534869086,5.4203536951967255,5.46072067984985,1.3322676295501878e-15
Case2-loop,0.9821447381147084,0.292917240029819,-0.4317722081456926,0.046485737321460434,5.680210482292006,5.717988796258374,4.440892098500626e-16
Case2-loop,0.9910723691376578,0.2864149745421706,-0.42417480191888235,0.02403927647113416,5.958323628341245,5.993353438841956,1.7763568394002505e-15
Case2-loop,1.0,0.27990367134012634,-0.41658514020968157,0.0016502911710922059,6.256439823448515,6.28854079731398,1.3322676295501878e-15
