arc,s,R_p,M,r_max_bound,max_detected_r,detected_within_bound,bound_in_box
Case1-arc,0.0,1.8317610463861957,2.186670367533188,2.7271950099931033,2.504075420069686,True,True
Case1-arc,0.017388839728143,1.8117711063386732,2.2398135094092546,2.7193302791971674,2.488859032516051,True,True
Case1-arc,0.0347776794571169,1.7917813226393007,2.296071908395803,2.7119218463058843,2.4738629871597095,True,True
Case1-arc,0.0521665191870575,1.771791695997823,2.3556635275327737,2.7049897363519584,2.45910542846824,True,True
Case1-arc,0.069555358918127,1.7518022267738964,2.4188232561565024,2.6985547122712754,2.444606251806074,True,True
Case1-arc,0.0869441986505212,1.731812914915125,2.4858042745320157,2.6926382758851015,2.4303872783986025,True,True
Case1-arc,0.1043330383844733,1.7118237598849524,2.556879525746492,2.687262665511711,2.4164724455859012,True,True
Case1-arc,0.1217218781202657,1.6918347605785888,2.6323433033847268,2.6824508500857194,2.4028880126935865,True,True
Case1-arc,0.1391107178582411,1.6718459152247904,2.7125129648001503,2.6782265197942836,2.3896627824583314,True,True
Case1-arc,0.1564995575988184,1.6518572212708802,2.7977307815742383,2.674614073444683,2.376828337400445,True,True
Case1-arc,0.1738883973425115,1.6318686752478346,2.888365941300077,2.6716386030401216,2.3644192898003626,True,True
Case1-arc,0.1912772370899549,1.6118802726116181,2.9848167184365346,2.669325876436009,2.3524735429719055,True,True
Case1-arc,0.2086660768419384,1.5918920075561072,3.087512837156022,2.6677023194700813,2.3410325602993236,True,True
Case1-arc,0.2260549165994488,1.5719038727919679,3.1969180565165414,2.666794999678318,2.3301416369954175,True,True
Case1-arc,0.2434437563637345,1.5519158592845759,3.3135330189007095,2.666631614677956,2.319850167748919,True,True
Case1-arc,0.260832596136378,1.5319279559425871,3.437898417837054,2.667240489611839,2.310211901412525,True,True
Case1-arc,0.2782214359194132,1.5119401492468265,3.5705985630069668,2.6686505898006505,2.3012851717705454,True,True
Case1-arc,0.2956102757154697,1.4919524228069256,3.7122654511995994,2.670891557140199,2.2931330914740053,True,True
Case1-arc,0.3129991155279827,1.4719647568302594,3.863583496173815,2.6739937819699784,2.2858236948852464,True,True
Case1-arc,0.3303879553614873,1.4519771274843716,4.02529513351729,2.6779885264873484,2.2794300155442673,True,True
Case1-arc,0.3477767952220379,1.4319895061300192,4.198207606896827,2.682908121678585,2.27403008632807,True,True
Case1-arc,0.3651656351178129,1.4120018583973124,4.383201371622485,2.6887862678117895,2.269706856671078,True,True
Case1-arc,0.3825544750600071,1.3920141430722968,4.581240737956302,2.695658479663979,2.266548033597384,True,True
Case1-arc,0.3999433150641564,1.3720263107563475,4.793387646584516,2.7035627331271925,2.264645874676827,True,True
Case1-arc,0.4173321551521555,1.352038302256986,5.0208198622568325,2.7125403915787936,2.2640969951904935,True,True
Case1-arc,0.434720995355366,1.3320500466690977,5.264855450368281,2.7226375213100695,2.2650023039063027,True,True
Case1-arc,0.4521098357195363,1.312061459115288,5.5269862616098555,2.7339067498555356,2.2674672591190577,True,True
Case1-arc,0.4694986763127233,1.2920724381449464,5.808924445405951,2.7464098862568136,2.2716027500247233,True,True
Case1-arc,0.4868875172384115,1.2720828628663539,6.112667994225951,2.7602216193459608,2.277527076856279,True,True
Case1-arc,0.5042763586577794,1.2520925900530167,6.440594406259807,2.775434757397312,2.2853697615187856,True,True
Case1-arc,0.5216652008287299,1.2321014518239801,6.795596460450928,2.7921677007449244,2.295278337552193,True,True
Case1-arc,0.5390540441765532,1.2121092552624277,7.181282090857346,2.810575201145736,2.307429980888879,True,True
Case1-arc,0.5564428894268889,1.1921157869771821,7.60227373211311,2.8308640515506447,2.322051108400629,True,True
Case1-arc,0.5738317378668912,1.1721208291984182,8.064665634238796,2.8533163388112674,2.339450257235537,True,True
Case1-arc,0.5912205918841783,1.1521242020690188,8.576739045148829,2.8783246034335574,2.360072404939389,True,True
Case1-arc,0.6086094561439913,1.132125865661631,9.150112300318149,2.906446319615838,2.3845805028226095,True,True
Case1-arc,0.62599834033676,1.1121261615545948,9.801653232092342,2.938490829940414,2.4139339078996715,True,True
Case1-arc,0.6433872661106116,1.0921263943994826,10.5567896245912,2.9756629872923397,2.4493460331344052,True,True
Case1-arc,0.6607762862543778,1.0721302915379944,11.455521606180644,3.0198102891144956,2.4921838052468988,True,True
Case1-arc,0.6781655438965968,1.0521479091873522,12.56397305722731,3.073867524933014,2.5444430923953076,True,True
Case1-arc,0.6955554795312777,1.0322070298910555,13.998003873451264,3.142691567128756,2.609961321809254,True,True
Case1-arc,0.7129476499232992,1.0123901058718698,15.974119002859602,3.2346498535671726,2.6961382670894642,True,True
Case1-arc,0.730348026834871,1.0,18.916627390727054,3.3694290016875916,2.8165984514327698,True,True
Case1-arc,0.7477731482663338,1.0,23.588083549928967,3.570344204416655,2.9917905124394144,True,True
Case1-arc,0.7652157968131189,1.0,30.662931131128275,3.8296241680861263,3.227664479460361,True,True
Case1-arc,0.7826303171421585,1.0,39.629615584604,4.106513796287144,3.4886292669462957,True,True
Case1-arc,0.8000256219638886,1.0,49.63123071173551,4.37003865885985,3.743419662772755,True,True
Case1-arc,0.8174159783755492,1.0,60.347625607206766,4.615813172465818,3.985399088680888,True,True
Case1-arc,0.8348051582853696,1.0,71.75635147194208,4.84745330125546,4.216302089269941,True,True
Case1-arc,0.8521940353840631,1.0,83.94207901049771,5.069274294737556,4.438926356750315,True,True
Case1-arc,0.8695828781433939,1.0,97.03873128300296,5.284994613941787,4.656034949842307,True,True
Case1-arc,0.8869717463063032,1.0,111.21526781379757,5.497708841712307,4.870283078333654,True,True
Case1-arc,0.9043606481265204,1.0,126.67525982595534,5.71005329288417,5.084136908698212,True,True
Case1-arc,0.9217495796553156,1.0,143.6620713536233,5.924364377501783,5.299874624244418,True,True
Case1-arc,0.9391385350090072,1.0,162.46765174949172,6.14280524768734,5.51964514403084,True,True
Case1-arc,0.9565275089345155,1.0,183.44483766055276,6.367467112393655,5.74554236704312,True,True
Case1-arc,0.9739164972615094,1.0,207.02390530166784,6.600454992559357,5.979680078121781,True,True
Case1-arc,0.9913054968024456,1.0,233.7347548879625,6.843966422386764,6.2242662404612865,True,True
Case1-arc,1.0,1.0,248.46459594395455,6.970399788339755,6.351212063238421,True,True
Case2-loop,0.0,1.0953749581180288,26.12351684340046,3.7387222238389453,3.061831080858141,True,True
Case2-loop,0.0178555148414955,1.0947740660044472,25.29489849588914,3.706975273662005,3.030978572227148,True,True
Case2-loop,0.0357110323580512,1.0941089559359247,24.48574243469402,3.6752564154049017,3.0002230229563303,True,True
Case2-loop,0.0535665528831233,1.0933774797605749,23.6950042268031,3.6435346314077472,2.9695377060180195,True,True
Case2-loop,0.0714220768067501,1.0925772265719387,22.921690000452656,3.6117780526438175,2.9388958238689815,True,True
Case2-loop,0.0892776045875195,1.0917054781223101,22.16485315188442,3.579953792796933,2.908270454044236,True,True
Case2-loop,0.1071331367681467,1.090759155296834,21.423591345178888,3.5480277654954615,2.8776344944381536,True,True
Case2-loop,0.1249886739948916,1.0897347534888377,20.697043797633356,3.5159644816576447,2.8469606077944016,True,True
Case2-loop,0.1428442170428657,1.0886282641014717,19.984388850360055,3.4837268234105934,2.81622116479049,True,True
Case2-loop,0.1606997668490507,1.087435078582358,19.284841833010052,3.451275790483367,2.7853881849465716,True,True
Case2-loop,0.1785553245555559,1.0861498702998695,18.597653243669612,3.4185702143431023,2.7544332744173685,True,True
Case2-loop,0.1964108915677412,1.0847664480828245,17.922107281560102,3.3855664346638754,2.723327559563154,True,True
Case2-loop,0.2142664696324517,1.0832775732133124,17.257520793673404,3.3522179320512757,2.692041615088768,True,True
Case2-loop,0.2321220609453175,1.0816747288572688,16.60324273040284,3.318474910400682,2.6605453855568455,True,True
Case2-loop,0.2499776683007215,1.0799478270061964,15.958654255526897,3.28428382208191,2.6288080993565845,True,True
Case2-loop,0.2678332953040927,1.0780848324936139,15.323169732004894,3.2495868297689956,2.596798174966302,True,True
Case2-loop,0.2856889466787565,1.0760712758079263,14.69623892231335,3.214321201025145,2.564483120972325,True,True
Case2-loop,0.3035446287191614,1.0738896151524158,14.077350926517376,3.178418637349512,2.531829434516057,True,True
Case2-loop,0.3214003499730203,1.0715183918604472,13.466040677219077,3.141804551414344,2.4988025089819033,True,True
Case2-loop,0.3392561222965081,1.068931099415884,12.861899294539612,3.104397330675406,2.4653665734111176,True,True
Case2-loop,0.3571119625253942,1.0660946514043574,12.264590413022988,3.066107674109519,2.431484708586801,True,True
Case2-loop,0.3749678951957793,1.0629672828390184,11.673875970330363,3.0268381846644217,2.3971190286320527,True,True
Case2-loop,0.3928239570976737,1.0594956466330745,11.089657341690316,2.9864835892918413,2.36223120445055,True,True
Case2-loop,0.4106802051017491,1.0556107685556009,10.512041930235128,2.944932334834686,2.3267836827835273,True,True
Case2-loop,0.4285367299229881,1.0512224083963952,9.941452848222594,2.902071061440942,2.2907423193350387,True,True
Case2-loop,0.4463936806248546,1.046211298199692,9.378812620570738,2.857794964299903,2.2540818968667526,True,True
Case2-loop,0.4642513077235088,1.0404188968811383,8.825854289551074,2.8120300258445963,2.2167975274753307,True,True
Case2-loop,0.4821100336849073,1.0336353495948556,8.285645894934794,2.7647785938619465,2.1789278577921305,True,True
Case2-loop,0.4999705418238708,1.025589937880611,7.763438449399903,2.7162081203075212,2.1406006093000327,True,True
Case2-loop,0.5178334991309936,1.0159578399159324,7.2678715720412415,2.6668082653261305,2.1021145434550803,True,True
Case2-loop,0.5356996670030886,1.004412407554159,6.812039875039718,2.6176058968539415,2.0701110972457175,True,True
Case2-loop,0.5535690813504279,1.0,6.412765529748819,2.5773720002688223,2.0546446642374083,True,True
Case2-loop,0.5714393592021408,1.0,6.085822799962629,2.5460572427955275,2.0448692193482025,True,True
Case2-loop,0.5893072206437232,1.0,5.838781025835853,2.5216605513821038,2.041045223948473,True,True
Case2-loop,0.607171169679016,1.0,5.668463340385981,2.5044466158264673,2.0426858554419036,True,True
Case2-loop,0.6250317476154058,1.0,5.565120696535667,2.4938371318374646,2.0489431975237298,True,True
Case2-loop,0.6428901048501825,1.0,5.517832772147916,2.4889396204315006,2.05898234970534,True,True
Case2-loop,0.6607471587041055,1.0,5.517381431229852,2.488892744654066,2.0721412099083456,True,True
Case2-loop,0.6786034752957929,1.0,5.5569462063662485,2.4929924584062073,2.087945619857869,True,True
Case2-loop,0.6964593741605952,1.0,5.631880444791916,2.500705405913297,2.106075224494269,True,True
Case2-loop,0.7143150317647551,1.0,5.739283955776291,2.5116447766368135,2.126324838019454,True,True
Case2-loop,0.7321705463381732,1.0,5.877624785748081,2.5255405504311463,2.1485739507902073,True,True
Case2-loop,0.7500259737075397,1.0,6.046464126524312,2.542214125285294,2.172765299363461,True,True
Case2-loop,0.7678813464260398,1.0,6.246276797499856,2.561559092099152,2.1988905720123957,True,True
Case2-loop,0.7857366839921652,1.0,6.4783480302137955,2.5835274540708193,2.2269812264978666,True,True
Case2-loop,0.8035919983955813,1.0,6.744730038658817,2.608120135201265,2.257102900633497,True,True
Case2-loop,0.8214472971941729,1.0,7.048247437414491,2.635380764392544,2.289352394059101,True,True
Case2-loop,0.8393025852638434,1.0,7.39254583773927,2.665391982393783,2.3238565748907907,True,True
Case2-loop,0.8571578658184285,1.0,7.782182456235193,2.6982737600632043,2.360772829145147,True,True
Case2-loop,0.8750131410185004,1.0,8.222761602503788,2.734183411331667,2.4002908579939164,True,True
Case2-loop,0.8928684123431692,1.0,8.721121936470118,2.7733171391592104,2.4426357681713076,True,True
Case2-loop,0.9107236808222682,1.0,9.285586922447605,2.8159130814864657,2.4880725171281495,True,True
Case2-loop,0.9285789471838538,1.0,9.92629555810798,2.8622559408769037,2.5369118843353227,True,True
Case2-loop,0.94643421195015,1.0,10.655637998383622,2.9126833997408266,2.589518258278348,True,True
Case2-loop,0.9642894755006896,1.0,11.488831219952075,2.967594656564025,2.6463196694599316,True,True
Case2-loop,0.9821447381147084,1.0,12.44468501587184,3.0274615835033125,2.7078206786771353,True,True
Case2-loop,1.0,1.0,13.546630911933605,3.0928432229755907,2.7746189643644064,True,True
