component,s,c1,c2,N_eq
Case1-arc,0.0,-1.2769405650257788,1.313305495476774,5
Case1-arc,0.01738883972814304,-1.263457542996337,1.298533626368343,5
Case1-arc,0.03477767945711699,-1.2499729567811149,1.283763185122131,5
Case1-arc,0.052166519187057565,-1.2364866968627055,1.2689942720471192,5
Case1-arc,0.06955535891812703,-1.222998644002947,1.2542269963993502,5
Case1-arc,0.08694419865052123,-1.2095086681028009,1.239461477437282,5
Case1-arc,0.10433303838447339,-1.1960166268908403,1.224697845636756,5
Case1-arc,0.12172187812026575,-1.182522364408833,1.2099362440950985,5
Case1-arc,0.13911071785824117,-1.1690257092559928,1.1951768301604329,5
Case1-arc,0.15649955759881848,-1.15552647254497,1.1804197773303071,5
Case1-arc,0.17388839734251152,-1.1420244455118371,1.1656652774739857,5
Case1-arc,0.19127723708995495,-1.1285193967087346,1.1509135434456657,5
Case1-arc,0.2086660768419384,-1.1150110686905037,1.1361648121723689,5
Case1-arc,0.22605491659944887,-1.1014991740844704,1.1214193483214103,5
Case1-arc,0.2434437563637345,-1.087983390903935,1.106677448679677,5
Case1-arc,0.26083259613637805,-1.0744633569288524,1.0919394474125452,5
Case1-arc,0.2782214359194132,-1.0609386629285977,1.0772057224169374,7
Case1-arc,0.2956102757154697,-1.0474088444377567,1.0624767030448332,7
Case1-arc,0.3129991155279827,-1.0338733717107316,1.04775287955598,7
Case1-arc,0.3303879553614873,-1.0203316373667173,1.0330348147697253,7
Case1-arc,0.34777679522203797,-1.0067829410817921,1.018323158537207,7
Case1-arc,0.3651656351178129,-0.9932264704728214,1.003618665863467,7
Case1-arc,0.38255447506000717,-0.9796612770242181,0.988922219799201,7
Case1-arc,0.3999433150641564,-0.9660862454970035,0.9742348606312424,7
Case1-arc,0.41733215515215555,-0.952500054675045,0.9595578234864169,7
Case1-arc,0.434720995355366,-0.938901126461563,0.9448925873136869,7
Case1-arc,0.4521098357195363,-0.9252875591080233,0.9302409394644244,7
Case1-arc,0.4694986763127233,-0.9116570385276784,0.9156050619763793,7
Case1-arc,0.48688751723841156,-0.8980067188763096,0.9009876485564404,7
Case1-arc,0.5042763586577794,-0.8843330593075313,0.8863920657820972,7
Case1-arc,0.5216652008287299,-0.8706315970673056,0.8718225792985592,7
Case1-arc,0.5390540441765532,-0.8568966262043232,0.8572846777427472,7
Case1-arc,0.5564428894268889,-0.8431207331284328,0.8427855474135757,7
Case1-arc,0.5738317378668912,-0.8292941094784501,0.8283347863183893,7
Case1-arc,0.5912205918841783,-0.8154035086138177,0.8139455111575031,5
Case1-arc,0.6086094561439913,-0.8014306134394572,0.7996361344650158,5
Case1-arc,0.62599834033676,-0.7873493969645049,0.7854333366453113,5
Case1-arc,0.6433872661106116,-0.7731216913468719,0.7713772823417645,5
Case1-arc,0.6607762862543778,-0.7586894381816313,0.7575313184449772,5
Case1-arc,0.6781655438965968,-0.7439605555266855,0.7440012867110798,5
Case1-arc,0.6955554795312777,-0.7287823229530679,0.7309772077894388,5
Case1-arc,0.7129476499232992,-0.7128921940577215,0.7188313057448347,5
Case1-arc,0.730348026834871,-0.695850288274795,0.7083601663357757,5
Case1-arc,0.7477731482663338,-0.6771471593681628,0.7012651755161944,5
Case1-arc,0.7652157968131189,-0.6571987048128751,0.6998620916547154,5
Case1-arc,0.7826303171421585,-0.6376397596697598,0.7040284043852189,5
Case1-arc,0.8000256219638886,-0.6190364113793767,0.7113695863518562,5
Case1-arc,0.8174159783755492,-0.6010793046642725,0.7201754656783858,5
Case1-arc,0.8348051582853696,-0.5834516073670166,0.7296236115008032,5
Case1-arc,0.8521940353840631,-0.5659569209167702,0.7393156993876279,5
Case1-arc,0.8695828781433939,-0.5484807629084271,0.7490411257302666,5
Case1-arc,0.8869717463063032,-0.5309558147924878,0.7586783494094349,5
Case1-arc,0.9043606481265204,-0.5133418171400839,0.7681518368440758,5
Case1-arc,0.9217495796553156,-0.49561456253020736,0.7774116608113462,5
Case1-arc,0.9391385350090072,-0.47775974531904,0.7864230657862372,5
Case1-arc,0.9565275089345157,-0.459769401275333,0.7951607689568608,5
Case1-arc,0.9739164972615094,-0.441639768566624,0.8036056708319549,5
Case1-arc,0.9913054968024457,-0.4233699570133174,0.811742866084316,4
Case1-arc,1.0,-0.4141827744053656,0.8156922448639925,4
Case2-loop,0.0,0.009275481677442451,-1.095335685674362,7
Case2-loop,0.017855514841495588,0.029252787046840877,-1.0943831733199765,7
Case2-loop,0.03571103235805128,0.04920503615623932,-1.0930019541959028,7
Case2-loop,0.05356655288312335,0.06912281844781831,-1.0911903359255966,7
Case2-loop,0.07142207680675017,0.08899655689796435,-1.0889465592415162,7
Case2-loop,0.08927760458751952,0.10881648172199976,-1.0862687624468943,7
Case2-loop,0.10713313676814679,0.12857259778157976,-1.0831549390385289,7
Case2-loop,0.12498867399489161,0.14825464408082642,-1.0796028869310446,7
Case2-loop,0.1428442170428657,0.16785204325081743,-1.0756101473011073,7
Case2-loop,0.16069976684905074,0.1873538382609706,-1.0711739305174959,7
Case2-loop,0.17855532455555595,0.20674861269363673,-1.066291025893813,7
Case2-loop,0.19641089156774125,0.22602438967313154,-1.0609576910316054,7
Case2-loop,0.21426646963245172,0.2451685027983051,-1.0551695152261367,7
Case2-loop,0.23212206094531754,0.2641674299670454,-1.048921249662267,7
Case2-loop,0.2499776683007215,0.28300657745536056,-1.0422065947653605,7
Case2-loop,0.2678332953040927,0.30166999649319465,-1.0350179318584676,7
Case2-loop,0.2856889466787565,0.32014000704055595,-1.027345981892649,7
Case2-loop,0.3035446287191614,0.3383966921970286,-1.019179368041913,7
Case2-loop,0.32140034997302036,0.3564172095665357,-1.010504050867686,7
Case2-loop,0.33925612229650814,0.3741748395273948,-1.0013025940059772,7
Case2-loop,0.3571119625253942,0.39163764907763166,-0.9915532046128055,7
Case2-loop,0.3749678951957793,0.40876658447110326,-0.9812284768625473,9
Case2-loop,0.39282395709767376,0.42551270106882916,-0.9702937526664519,9
Case2-loop,0.4106802051017491,0.4418130708596922,-0.9587050146463589,9
Case2-loop,0.4285367299229881,0.4575846432181933,-0.9464062796735851,9
Case2-loop,0.4463936806248546,0.4727149400008915,-0.9333266662753393,9
Case2-loop,0.4642513077235088,0.48704797414215967,-0.9193779156970125,9
Case2-loop,0.4821100336849073,0.500363541702984,-0.9044547319056523,9
Case2-loop,0.4999705418238708,0.512349544633668,-0.888443957037037,9
Case2-loop,0.5178334991309936,0.5225747235174952,-0.8712554107879392,9
Case2-loop,0.5356996670030886,0.5304930398875944,-0.8528900392662356,9
Case2-loop,0.5535690813504279,0.5355432432352774,-0.8335384294717842,9
Case2-loop,0.5714393592021408,0.537377670201208,-0.8136227081297867,9
Case2-loop,0.5893072206437232,0.5360714285892267,-0.7936650846404864,9
Case2-loop,0.607171169679016,0.5320770190069976,-0.7740676308835109,9
Case2-loop,0.6250317476154058,0.5259827933212436,-0.7550184303101725,9
Case2-loop,0.6428901048501825,0.5183201089301469,-0.7365443827902469,9
Case2-loop,0.6607471587041055,0.5094988860084851,-0.7185947276483032,9
Case2-loop,0.6786034752957929,0.49981578876615607,-0.7010950153698312,9
Case2-loop,0.6964593741605952,0.4894817033047933,-0.6839716983069648,9
Case2-loop,0.7143150317647551,0.47864710106399705,-0.6671606258595482,9
Case2-loop,0.7321705463381732,0.4674207728846259,-0.6506085863469199,9
Case2-loop,0.7500259737075397,0.4558827008288461,-0.6342723329756338,9
Case2-loop,0.7678813464260398,0.4440927209962927,-0.618116945228428,11
Case2-loop,0.7857366839921652,0.43209635916016786,-0.6021142136497161,11
Case2-loop,0.8035919983955813,0.4199288034841757,-0.5862412597523943,9
Case2-loop,0.8214472971941729,0.407617648841755,-0.570479422191042,9
Case2-loop,0.8393025852638434,0.3951848232541485,-0.5548133798111985,7
Case2-loop,0.8571578658184285,0.38264796226668524,-0.5392304679555477,7
Case2-loop,0.8750131410185004,0.3700214049612846,-0.5237201465936226,7
Case2-loop,0.8928684123431692,0.35731692658332975,-0.5082735857358496,7
Case2-loop,0.9107236808222682,0.3445442850056731,-0.4928833408756578,7
Case2-loop,0.9285789471838538,0.33171163367792816,-0.4775430974887999,5
Case2-loop,0.94643421195015,0.3188258374890512,-0.46224746863366084,5
Case2-loop,0.9642894755006897,0.30589271711282834,-0.4469918335588225,5
Case2-loop,0.9821447381147084,0.292917240029819,-0.4317722081456926,5
Case2-loop,1.0,0.27990367134012634,-0.41658514020968157,5
