component,count_change,s_c,sign,dl,c1,c2,x1,y1,x2,y2,d
Case1-arc,5->7,0.260832596136378,1,0.0030000000008831656,-1.0696971649664018,1.0867460720369613,-0.2533177025220065,0.2613975918431408,-0.21750117774081576,0.27460829662677744,0.03817520357878988
Case1-arc,5->7,0.260832596136378,1,0.0060000000017916885,-1.0676685166299622,1.0845359621002133,-0.2610040716627075,0.26117103121107116,-0.21023083317715235,0.2794349173995709,0.053958236489136016
Case1-arc,5->7,0.260832596136378,1,0.00900000000272651,-1.0656397584703308,1.08232595297459,-0.2670203672175065,0.2616727597299576,-0.20468069134416167,0.28353564960268135,0.06606225201717345
Case1-arc,5->7,0.260832596136378,1,0.012000000003688506,-1.0636108889083589,1.0801160461199295,-0.27219383136048575,0.2625723597685179,-0.20002280151789975,0.2872412300290133,0.07627064119612863
Case1-arc,5->7,0.260832596136378,1,0.015000000004678726,-1.0615819063339103,1.0779062430249626,-0.2768442943336422,0.2637388175202245,-0.195936667517286,0.29068310477312237,0.08527624928795496
Case1-arc,5->7,0.260832596136378,1,0.018000000005698104,-1.0595528091050685,1.0756965452080602,-0.28113548776041625,0.26510358851793786,-0.19225793911136427,0.29393034785448535,0.09343554306425274
Case1-arc,5->7,0.260832596136378,1,0.021000000006747552,-1.0575235955473217,1.0734869542180006,-0.2851645015510921,0.2666252792558954,-0.18888895841323722,0.2970249663011239,0.10096098840114821
Case1-arc,5->7,0.260832596136378,1,0.024000000007828294,-1.0554942639527212,1.0712774716347606,-0.2889944872701513,0.2682765780370369,-0.18576605869341062,0.29999495818375055,0.10799150015420053
Case1-arc,5->7,0.260832596136378,1,0.02700000000894134,-1.0534648125790131,1.0690680990703358,-0.29266924431993996,0.2700383555241399,-0.18284497949950357,0.30286020278324166,0.11462391897352465
Case1-arc,5->7,0.260832596136378,1,0.03000000001008775,-1.051435239648744,1.0668588381695825,-0.2962206263953415,0.27189663278180737,-0.18009346081775077,0.30563548480996605,0.12092902348594058
Case1-arc,5->7,0.260832596136378,1,0.03300000001126891,-1.0494055433483354,1.0646496906110898,-0.29967266599806364,0.273840872090611,-0.17748711863613456,0.30833219714195903,0.1269604642710949
Case1-arc,5->7,0.260832596136378,1,0.03600000001248593,-1.0473757218271307,1.0624406581080794,-0.30304403648939554,0.2758629439668541,-0.17500698254393,0.3109593684297237,0.13276010768718127
Case1-arc,5->7,0.260832596136378,1,0.03900000001374021,-1.0453457731964113,1.0602317424093335,-0.30634960375999987,0.27795646790371503,-0.17263794337434757,0.3135243178635887,0.1383614110720764
Case1-arc,5->7,0.260832596136378,1,0.04200000001503294,-1.04331569552838,1.0580229453001546,-0.3096014477762764,0.28011637275037704,-0.17036773069207073,0.31603309102228144,0.14379165005141284
Case1-arc,5->7,0.260832596136378,1,0.04500000001636568,-1.0412854868551116,1.0558142686033558,-0.31280955966860985,0.28233859275566237,-0.16818621450178609,0.31849076063169357,0.14907344233423667
Case1-arc,5->7,0.260832596136378,1,0.048000000017739686,-1.0392551451674694,1.0536057141802848,-0.31598233186680685,0.28461985091808895,-0.1660849136965457,0.32090164046262626,0.15422582217859704
Case1-arc,5->7,0.260832596136378,1,0.05100000001915669,-1.037224668413986,1.0513972839318808,-0.3191269115479117,0.2869575004834347,-0.16405664098992634,0.3232694414093381,0.1592650177054995
Case1-arc,5->7,0.260832596136378,1,0.054000000020618305,-1.035194054499707,1.0491889797997682,-0.32224946105974206,0.28934940630564343,-0.1620952406642136,0.32559738792432635,0.16420502575112578
Case1-arc,5->7,0.260832596136378,1,0.057000000022126206,-1.033163301284996,1.0469808037673858,-0.3253553533585068,0.29179385421049736,-0.16019539107921563,0.3278883065666938,0.16905804515310893
Case1-arc,5->7,0.260832596136378,1,0.06000000002368198,-1.0311324065843002,1.0447727578611554,-0.32844932098144564,0.2942894804344584,-0.1583524533916005,0.33014469449106876,0.1738348087666065
Case1-arc,5->7,0.260832596136378,1,0.06300000002528747,-1.029101368164874,1.0425648441516895,-0.3315355710908787,0.2968352156944372,-0.15656235390701795,0.33236877321995234,0.17854484154432915
Case1-arc,5->7,0.260832596136378,1,0.06600000002694469,-1.0270701837454592,1.04035706475504,-0.3346178752565173,0.2994302400553567,-0.15482149134455056,0.3345625314290114,0.18319666362950693
Case1-arc,5->7,0.260832596136378,1,0.0690000000286556,-1.0250388509949218,1.0381494218339906,-0.15312666284685503,0.3367277594000492,-0.337699640075812,0.30207394583059827,0.1877979518473706
Case1-arc,5->7,0.260832596136378,1,0.07200000003042216,-1.0230073675308395,1.0359419175993945,-0.15147500429650207,0.338866077065913,-0.3407839629913108,0.30476590647387836,0.19235566920815894
Case1-arc,5->7,0.260832596136378,1,0.07500000003224673,-1.0209757309180438,1.0337345543115564,-0.14986394169160808,0.3409789570635757,-0.3438736764558756,0.3075058499166244,0.19687616941969566
Case1-arc,5->7,0.260832596136378,1,0.07800000003413136,-1.018943938667109,1.031527334281666,-0.14829115117056876,0.34306774385389477,-0.3469713827437462,0.31029363515033526,0.201365281563839
Case1-arc,5->7,0.260832596136378,1,0.08100000003607857,-1.0169119882327906,1.0293202598732791,-0.14675452587347418,0.3451336697090592,-0.3500794810895203,0.31312923109401974,0.20582837876413204
Case1-arc,5->7,0.260832596136378,1,0.0840000000380907,-1.014879877012407,1.027113333503854,-0.1452521482605026,0.34717786818147384,-0.35320018838501355,0.3160126969554033,0.21027043370187715
Case1-arc,5->7,0.260832596136378,1,0.0870000000401704,-1.012847602344167,1.0249065576463396,-0.14378226682544543,0.34920138552935764,-0.356335554325139,0.3189441634114529,0.21469606311532502
Case1-arc,5->7,0.260832596136378,1,0.09000000004232049,-1.0108151615054357,1.0226999348308232,-0.14234327637832989,0.3512051904713713,-0.35948747163656847,0.3219238140145276,0.2191095628710793
Case1-arc,5->7,0.260832596136378,-1,-0.0030000000008665625,-1.073754138335943,1.091166588644648,-0.3604359928225719,0.0985403103587435,-0.5058662342421693,0.9723956042552091,0.8858741613740864
Case1-arc,5->7,0.260832596136378,-1,-0.006000000001709015,-1.0757824663791906,1.0933769925339927,-0.3576348432410389,0.0997648519855429,-0.5057563565875477,0.9741731435626182,0.8868651775184319
Case1-arc,5->7,0.260832596136378,-1,-0.009000000002528291,-1.0778106906209621,1.095587491669936,-0.3547920176466309,0.10100099267781375,-0.505637750080309,0.9759495277855166,0.8878566179741906
Case1-arc,5->7,0.260832596136378,-1,-0.012000000003325134,-1.0798388124965255,1.0977980847267066,-0.35190626845978357,0.10224758696091608,-0.5055103931041097,0.9777247949397894,0.8888501385488068
Case1-arc,5->7,0.260832596136378,-1,-0.015000000004100072,-1.0818668334144352,1.1000087704034074,-0.3489764007488211,0.1035032093228982,-0.5053742636660811,0.9794989817207324,0.8898476750455463
Case1-arc,5->7,0.260832596136378,-1,-0.0180000000048539,-1.0838947547571733,1.1022195474234142,-0.3460013029083874,0.10476610449267411,-0.5052293393994469,0.9812721235204602,0.8908514853760621
Case1-arc,5->7,0.260832596136378,-1,-0.021000000005587237,-1.0859225778817707,1.1044304145337915,-0.3429799849864876,0.10603413073891474,-0.5050755975662525,0.9830442544440983,0.8918641963320372
Case1-arc,5->7,0.260832596136378,-1,-0.024000000006300884,-1.087950304120412,1.1066413705047253,-0.33991162596658897,0.10730469605907228,-0.5049130150602233,0.9848154073247664,0.8928888546671715
Case1-arc,5->7,0.260832596136378,-1,-0.027000000006995296,-1.0899779347810212,1.1088524141289724,-0.3367956312935303,0.10857468761942718,-0.5047415684097545,0.9865856137374064,0.8939289816178901
Case1-arc,5->7,0.260832596136378,-1,-0.030000000007671238,-1.0920054711478338,1.1110635442213252,-0.3336317017555514,0.10984039557063414,-0.504561233781026,0.9883549040115147,0.8949886292347907
Case1-arc,5->7,0.260832596136378,-1,-0.033000000008329124,-1.0940329144819476,1.1132747596180934,-0.33041991440999635,0.11109743348040713,-0.5043719869812765,0.990123307242754,0.8960724358529847
Case1-arc,5->7,0.260832596136378,-1,-0.036000000008969635,-1.096060266021863,1.1154860591765987,-0.32716081545029246,0.11234065917288887,-0.5041738034622095,0.9918908513035519,0.8971856766589587
Case1-arc,5->7,0.260832596136378,-1,-0.03900000000959321,-1.0980875269840047,1.1176974417746848,-0.32385552363110154,0.11356410178372757,-0.5039666583235544,0.9936575628526854,0.8983343036178347
Case1-arc,5->7,0.260832596136378,-1,-0.04200000001020047,-1.1001146985632297,1.1199089063102416,-0.32050584097439766,0.11476090329503957,-0.5037505263167987,0.9954234673438506,0.8995249670927772
Case1-arc,5->7,0.260832596136378,-1,-0.045000000010791866,-1.1021417819333215,1.1221204517007426,-0.31711436490971734,0.11592328552113026,-0.50352538184908,0.9971885890333048,0.9007650095395426
Case1-arc,5->7,0.260832596136378,-1,-0.04800000001136788,-1.1041687782474698,1.1243320768827942,-0.31368459283231304,0.11704255606196473,-0.503291198987249,0.9989529509865779,0.9020624201094292
Case1-arc,5->7,0.260832596136378,-1,-0.051000000011928975,-1.1061956886387379,1.1265437808116998,-0.31022100660220286,0.11810916842157393,-0.503047951462126,1.0007165750842664,0.9034257384864874
Case1-arc,5->7,0.260832596136378,-1,-0.05400000001247556,-1.1082225142205158,1.1287555624610337,-0.3067291214040092,0.11911285129787347,-0.5027956126729415,1.002479482026959,0.904863897657635
Case1-arc,5->7,0.260832596136378,-1,-0.05700000001300815,-1.1102492560869621,1.130967420822229,-0.30321548166719337,0.12004281882305551,-0.5025341556919813,1.0042416913392975,0.9063859994362188
Case1-arc,5->7,0.260832596136378,-1,-0.06000000001352706,-1.1122759153134332,1.1331793549041747,-0.29968758769074455,0.12088806629498983,-0.502263553269434,1.0060032213732164,0.9080010239968298
Case1-arc,5->7,0.260832596136378,-1,-0.06300000001403294,-1.1143024929569016,1.1353913637328255,-0.29615374141948747,0.12163774446687273,-0.5019837778384598,1.0077640893103572,0.9097174852215986
Case1-arc,5->7,0.260832596136378,-1,-0.06600000001452583,-1.1163289900563604,1.137603446350822,-0.29262280899403453,0.12228159090523406,-0.5016948015204965,1.0095243111636705,0.9115430558731579
Case1-arc,5->7,0.260832596136378,-1,-0.0690000000150063,-1.1183554076332216,1.1398156018171197,-0.289103910439514,0.12281038213328531,-0.5013965961307776,1.011283901778292,0.9134841977332698
Case1-arc,5->7,0.260832596136378,-1,-0.07200000001547474,-1.1203817466916977,1.1420278292066313,-0.2856060607334075,0.12321635940071173,-0.5010891331841323,1.0130428748315838,0.9155458383263245
Case1-arc,5->7,0.260832596136378,-1,-0.07500000001593139,-1.122408008219179,1.1442401276098737,-0.2821377978160299,0.12349357812505894,-0.5007723839010084,1.0148012428325102,0.917731134591608
Case1-arc,5->7,0.260832596136378,-1,-0.0780000000163767,-1.1244341931865964,1.1464524961326301,-0.2787068382029185,0.12363813866490558,-0.5004463192137977,1.0165590171202117,0.9200413537555633
Case1-arc,5->7,0.260832596136378,-1,-0.08100000001681097,-1.1264603025487774,1.1486649338956165,-0.2753197976122633,0.12364827318978767,-0.5001109097734151,1.018316207861921,0.9224758844745743
Case1-arc,5->7,0.260832596136378,-1,-0.08400000001723447,-1.1284863372447902,1.1508774400341601,-0.2719820030241286,0.12352428576906317,-0.499766125956194,1.0200728240501333,0.9250323714086193
Case1-arc,5->7,0.260832596136378,-1,-0.08700000001764768,-1.1305122981982823,1.153090013697884,-0.26869740697425665,0.12326836443489576,-0.49941193787106186,1.0218288734991332,0.9277069489966724
Case1-arc,5->7,0.260832596136378,-1,-0.09000000001805053,-1.132538186317806,1.155302654050402,-0.2654685990355029,0.12288429955668008,-0.49904831536705807,1.0235843628408006,0.9304945394152232
Case1-arc,7->5,0.5825261639611042,1,0.0030000002305637574,-0.8184958379010865,0.8171361073244036,-0.7266404490371547,0.45050164599396875,-0.06485379993651384,0.5081635231781048,0.664293956775352
Case1-arc,7->5,0.5825261639611042,1,0.0060000004799097275,-0.8164083817659881,0.814981454595977,-0.7192789134007326,0.4500476204187556,-0.06427621570819424,0.5098798785196373,0.6577297568864839
Case1-arc,7->5,0.5825261639611042,1,0.00900000074985064,-0.8143191221809962,0.8128285505093616,-0.7109669710223046,0.4498170328319274,-0.06369889511701222,0.5116061638441437,0.6502106264875899
Case1-arc,7->5,0.5825261639611042,1,0.01200000104240654,-0.8122279870138831,0.8106774681147988,-0.7013354681900414,0.44994045652401715,-0.06312166473756611,0.5133428585783916,0.6413553800378846
Case1-arc,7->5,0.5825261639611042,1,0.015000001359823552,-0.8101349002412763,0.8085282846263919,-0.6897570279393668,0.4506682414901031,-0.06254434714068126,0.5150904609492455,0.6305124656299158
Case1-arc,7->5,0.5825261639611042,1,0.018000001704608352,-0.8080397816861571,0.806381081722914,-0.6751009091927443,0.45253693474653894,-0.061966760685288474,0.516849489046132,0.6164978416073337
Case1-arc,7->5,0.5825261639611042,1,0.021000002079559058,-0.8059425467341853,0.8042359458750171,-0.655616907062862,0.45673592622300946,-0.06138871930463397,0.518620481951632,0.5974419112885846
Case1-arc,7->5,0.5825261639611042,1,0.024000002487805254,-0.8038431060268638,0.8020929687015692,-0.6325866565433953,0.46434867928724793,-0.06081003228671561,0.5204040009455773,0.5745178040170583
Case1-arc,7->5,0.5825261639611042,1,0.027000002932851753,-0.8017413651293601,0.7999522473581806,-0.614581381373629,0.4724180033816593,-0.060230504048912975,0.5222006307884122,0.5565817147393561
Case1-arc,7->5,0.5825261639611042,1,0.030000003418632844,-0.799637224170565,0.7978138849613433,-0.6030025281282638,0.4786678260505233,-0.05964993390683002,0.5240109810900567,0.5452412707747839
Case1-arc,7->5,0.5825261639611042,1,0.033000003949565815,-0.7975305774527188,0.7956779910520431,-0.5951523008617644,0.4834245481055291,-0.059068115837396906,0.5258356877711184,0.5377592009449716
Case1-arc,7->5,0.5825261639611042,1,0.03600000453062941,-0.7954213130276249,0.7935446821031529,-0.5894386205267761,0.48717933129408375,-0.05848483823637724,0.5276754146238191,0.5324958701187541
Case1-arc,7->5,0.5825261639611042,1,0.03900000516743025,-0.7933093122361885,0.7914140820755133,-0.5850588083711997,0.49024335098065086,-0.0578998836704826,0.5295308549806911,0.528620884814599
Case1-arc,7->5,0.5825261639611042,1,0.042000005866307075,-0.7911944492076044,0.789286323028161,-0.5815744368099327,0.4928094066076664,-0.057313028624429115,0.5314027334997267,0.525680006271158
Case1-arc,7->5,0.5825261639611042,1,0.045000006634429456,-0.7890765903141702,0.7871615457889577,-0.5787246813629596,0.495002682478785,-0.05672404324333431,0.5332918080755268,0.5234030219021085
Case1-arc,7->5,0.5825261639611042,1,0.048000007479926166,-0.7869555935772129,0.7850399006926239,-0.5763434225686506,0.4969084900196004,-0.05613269107108264,0.5351988718866129,0.5216180197316388
Case1-arc,7->5,0.5825261639611042,1,0.05100000841203162,-0.7848313080191326,0.7829215483941699,-0.574319113433944,0.49858740834557563,-0.05553872878535706,0.537124755590167,0.5202097794436261
Case1-arc,7->5,0.5825261639611042,1,0.054000009441255915,-0.7827035729560081,0.7808066607667775,-0.5725736836575057,0.5000839424314913,-0.05494190593034031,0.5390703296761677,0.5190978671728265
Case1-arc,7->5,0.5825261639611042,1,0.05700001057958497,-0.7805722172245775,0.778695421894439,-0.571050657393557,0.5014317286060982,-0.05434196464827199,0.5410365069940264,0.5182242869932846
Case1-arc,7->5,0.5825261639611042,1,0.06000001184072029,-0.7784370583367115,0.7765880291711004,-0.5697080693357217,0.5026568082054491,-0.05373863941139038,0.5430242454657785,0.5175461164064572
Case1-arc,7->5,0.5825261639611042,1,0.06300001324034929,-0.7762979015537349,0.7744846945197381,-0.5685140387746658,0.5037797676952027,-0.05313165675612963,0.5450345510010102,0.5170309051117828
Case1-arc,7->5,0.5825261639611042,1,0.06600001479648192,-0.7741545388720624,0.7723856457466954,-0.5674438941760684,0.5048171849256239,-0.05252073502190533,0.5470684806297637,0.5166536865463967
Case1-arc,7->5,0.5825261639611042,1,0.06900001652983727,-0.772006747910694,0.770291128048895,-0.5664782425638529,0.505782634723259,-0.05190558409733309,0.5491271458708363,0.5163949723689456
Case1-arc,7->5,0.5825261639611042,1,0.07200001846430482,-0.7698542906900387,0.7682014056941172,-0.5656016363632472,0.5066874055696003,-0.051285905177392475,0.5512117163539242,0.5162393685065674
Case1-arc,7->5,0.5825261639611042,1,0.07500002062749637,-0.767696912290381,0.7661167638975862,-0.564801630267236,0.5075410215635462,-0.05066139053582294,0.5533234237151142,0.5161745968738124
Case1-arc,7->5,0.5825261639611042,1,0.07800002305141226,-0.7655343393770337,0.7640375109216455,-0.5640680998198243,0.5083516299716879,-0.050031723317988344,0.5554635657861386,0.5161907892081398
Case1-arc,7->5,0.5825261639611042,1,0.08100002577322182,-0.7633662785778672,0.7619639804294699,-0.563392739889874,0.5091262940374094,-0.04939657736061638,0.5576335110984434,0.516279967848656
Case1-arc,7->5,0.5825261639611042,1,0.08400002883622473,-0.7611924146973799,0.7598965341285616,-0.5627686894312195,0.509871217783382,-0.04875561704622933,0.559834703723497,0.5164356576669985
Case1-arc,7->5,0.5825261639611042,1,0.08700003229097085,-0.759012408749984,0.7578355647455267,-0.5621902465681065,0.5105919212160707,-0.04810849720183185,0.5620686684705368,0.5166525917281257
Case1-arc,7->5,0.5825261639611042,1,0.09000003619666926,-0.7568258957934417,0.7557814993801893,-0.5616526493638611,0.5112933788557879,-0.04745486305350758,0.5643370164621786,0.5169264850411383
Case1-arc,7->5,0.5825261639611042,-1,-0.00300000021896153,-0.822665610339516,0.8214503856896243,-0.4641950095057972,0.6579739919771465,-0.4836613993877804,0.5934467234635636,0.06739961956021262
Case1-arc,7->5,0.5825261639611042,-1,-0.006000000421775671,-0.8247480535518745,0.8236098836600301,-0.46302432274624716,0.6705114729825807,-0.49060466216989423,0.58008860357075,0.09453555117199337
Case1-arc,7->5,0.5825261639611042,-1,-0.009000000609819751,-0.8268289475359182,0.8257708744872747,-0.4626494323651062,0.6799422960362839,-0.49622192896571343,0.5703945591236554,0.1145766956700892
Case1-arc,7->5,0.5825261639611042,-1,-0.012000000784337286,-0.8289083482808394,0.8279333021945349,-0.4626497595562431,0.6877804171628059,-0.5009137604937663,0.5628033314918113,0.13070350305390407
Case1-arc,7->5,0.5825261639611042,-1,-0.015000000946454674,-0.8309863091043964,0.8300971135976998,-0.46286848755289706,0.6946110698424963,-0.5048566305405796,0.5566552588783962,0.14420405656678528
Case1-arc,7->5,0.5825261639611042,-1,-0.01800000109719192,-0.8330628808090247,0.8322622581332818,-0.4632281999303862,0.7007335633147143,-0.5081725354124358,0.5515675826296977,0.15578986836648184
Case1-arc,7->5,0.5825261639611042,-1,-0.02100000123747363,-0.8351381118272421,0.8344286876988848,-0.4636846424113522,0.7063251262507247,-0.5109611067230729,0.5472835437417489,0.16591952580928132
Case1-arc,7->5,0.5825261639611042,-1,-0.024000001368141045,-0.8372120483571885,0.8365963565051737,-0.46421007786100354,0.7115008247555936,-0.5133064174016883,0.5436190341469838,0.174913539139334
Case1-arc,7->5,0.5825261639611042,-1,-0.027000001489957303,-0.8392847344890549,0.838765220938389,-0.464785979119637,0.7163402843170238,-0.5152789053685441,0.5404377496512923,0.18300611274765233
Case1-arc,7->5,0.5825261639611042,-1,-0.030000001603617737,-0.8413562123231108,0.8409352394325448,-0.46539937847204144,0.7209012530693368,-0.5169368222531556,0.5376369329228508,0.19037310511268457
Case1-arc,7->5,0.5825261639611042,-1,-0.03300000170975571,-0.8434265220799596,0.843106372350522,-0.466040868212162,0.7252271502762487,-0.5183278680509624,0.5351380926369692,0.1971491318427044
Case1-arc,7->5,0.5825261639611042,-1,-0.03600000180894885,-0.8454957022036125,0.845278581873344,-0.46670342708593826,0.7293515688769602,-0.5194908864293719,0.5328805735315573,0.20343885537415904
Case1-arc,7->5,0.5825261639611042,-1,-0.03900000190172469,-0.84756378945791,0.8474518318969877,-0.4673816931879104,0.7333011108529986,-0.5204574456749664,0.530816973206667,0.20932477517113407
Case1-arc,7->5,0.5825261639611042,-1,-0.04200000198856504,-0.8496308190167868,0.8496260879361357,-0.5212532127040834,0.5289098285075662,-0.46807149341771864,0.7370972524440894,0.21487275013732976
Case1-arc,7->5,0.5825261639611042,-1,-0.04500000206991207,-0.8516968245488278,0.8518013170343363,-0.5218990969331294,0.5271291974204088,-0.46876952785497095,0.7407576161093384,0.2201359861130466
Case1-arc,7->5,0.5825261639611042,-1,-0.04800000214616883,-0.8537618382965257,0.8539774876800713,-0.5224121786115633,0.5254508801242078,-0.4694731515907148,0.7442968644995256,0.22515795668622496
Case1-arc,7->5,0.5825261639611042,-1,-0.05100000221770571,-0.8558258911506269,0.8561545697282951,-0.5228064514662897,0.5238550995533238,-0.4701802200195549,0.7477273451177364,0.22997456939917937
Case1-arc,7->5,0.5825261639611042,-1,-0.05400000228486257,-0.8578890127199074,0.8583325343270227,-0.5230934124521185,0.522325514431323,-0.4708889766914258,0.7510595656060071,0.23461579077264869
Case1-arc,7->5,0.5825261639611042,-1,-0.057000002347951294,-0.8599512313967042,0.8605113538485992,-0.5232825287648861,0.5208484744756599,-0.4715979704425504,0.754302550984139,0.23910687862836938
Case1-arc,7->5,0.5825261639611042,-1,-0.06000000240725887,-0.8620125744184984,0.8626910018253022,-0.5233816076897184,0.5194124532828776,-0.47230599312252836,0.7574641167539304,0.24346932637347066
Case1-arc,7->5,0.5825261639611042,-1,-0.06300000246304921,-0.8640730679258198,0.864871452888965,-0.5233970900629679,0.518007612588928,-0.47301203209651366,0.7605510808459812,0.24772159385173334
Case1-arc,7->5,0.5825261639611042,-1,-0.06600000251556516,-0.8661327370167282,0.8670526827143279,-0.5233342838359447,0.5166254644491116,-0.4737152335327986,0.7635694303261941,0.25187967848972614
Case1-arc,7->5,0.5825261639611042,-1,-0.06900000256503046,-0.8681916057981008,0.8692346679658548,-0.5231975506555636,0.5152586069996884,-0.4744148736869888,0.7665244541080574,0.25595756580985557
Case1-arc,7->5,0.5825261639611042,-1,-0.07200000261165188,-0.8702496974339439,0.8714173862477688,-0.5229904555127156,0.5139005159654421,-0.47511033619862764,0.7694208497587243,0.25996758799389136
Case1-arc,7->5,0.5825261639611042,-1,-0.07500000265561987,-0.872307034190922,0.8736008160570813,-0.5227158872619043,0.5125453787437589,-0.47580109396603504,0.7722628103090837,0.26392071174669735
Case1-arc,7->5,0.5825261639611042,-1,-0.07800000269711076,-0.8743636374812944,0.8757849367394097,-0.5223761560732987,0.5111879612672061,-0.47648669454756387,0.7750540954496888,0.2678267713420932
Case1-arc,7->5,0.5825261639611042,-1,-0.08100000273628727,-0.8764195279034226,0.8779697284473903,-0.5219730725361488,0.5098235003008885,-0.4771667483077618,0.7777980904043166,0.2716946588211841
Case1-arc,7->5,0.5825261639611042,-1,-0.08400000277330026,-0.8784747252800112,0.8801551721015121,-0.5215080121014781,0.508447615631424,-0.47784091872075046,0.7804978549840917,0.2755324804377244
Case1-arc,7->5,0.5825261639611042,-1,-0.087000002808289,-0.8805292486942257,0.8823412493532068,-0.5209819677607994,0.5070562379364502,-0.4785089143839971,0.7831561647464387,0.2793476863115743
Case1-arc,7->5,0.5825261639611042,-1,-0.09000000284138304,-0.8825831165238223,0.8845279425500482,-0.5203955932504583,0.5056455491177008,-0.4791704823993052,0.7857755457533906,0.28314717865414346
Case2-loop,7->9,0.3660399153642035,1,0.0030000104863630666,0.4065738020934621,-0.9825959945437397,-2.211852041017496,-0.6839120285585841,-2.0726554896525173,-1.0152871711999774,0.3594233785836793
Case2-loop,7->9,0.3660399153642035,1,0.0060000212396647025,0.40911876377655915,-0.9810075252958493,-2.227626636629415,-0.6171995430566555,-2.0303705233490144,-1.082963559877042,0.5058123106362196
Case2-loop,7->9,0.3660399153642035,1,0.009000032274011133,0.41165510906820024,-0.9794053334322542,-2.236861302854696,-0.5670450484832852,-1.9947927767465061,-1.133978039749994,0.6164496637348499
Case2-loop,7->9,0.3660399153642035,1,0.012000043604422127,0.41418264867317073,-0.9777892853117145,-2.242767243494213,-0.5255926358740888,-1.9627107430671904,-1.1761872208386208,0.7083113421487776
Case2-loop,7->9,0.3660399153642035,1,0.015000055246910326,0.4167011859420372,-0.9761592424041825,-2.2465844055751147,-0.48977889283120724,-1.9328841448905372,-1.2126552035401186,0.78800889216918
Case2-loop,7->9,0.3660399153642035,1,0.01800006721862473,0.41921051646592733,-0.9745150611026518,-2.2489466396032953,-0.4580225602206594,-1.904678775143902,-1.2449639215200365,0.8589511444914362
Case2-loop,7->9,0.3660399153642035,1,0.021000079537862426,0.4217104276455679,-0.9728565925290918,-2.250229190024962,-0.4293783076478367,-1.8777190079964294,-1.2740593658676698,0.9231738329428036
Case2-loop,7->9,0.3660399153642035,1,0.024000092224176747,0.42420069823301976,-0.9711836823344553,-2.250675668105535,-0.40322628887431616,-1.8517608274509056,-1.300562029356696,0.9820104282753668
Case2-loop,7->9,0.3660399153642035,1,0.027000105298536928,0.4266810978441894,-0.9694961704929438,-2.2504546503998135,-0.3791332225242612,-1.8266352304653033,-1.324905825467471,1.0363921638026792
Case2-loop,7->9,0.3660399153642035,1,0.030000118783361025,0.4291513864399677,-0.967793891090879,-2.249688398696312,-0.35678162938280317,-1.8022195087285644,-1.3474088508735564,1.087000781714281
Case2-loop,7->9,0.3660399153642035,1,0.03300013270272044,0.43161131377410866,-0.9660766721103479,-2.2484688422361128,-0.335930304109387,-1.7784212682943794,-1.3683129135748597,1.134353813452949
Case2-loop,7->9,0.3660399153642035,1,0.036000147082390514,0.43406061880530267,-0.9643443352082428,-2.2468671112372527,-0.3163906470876593,-1.755168898052203,-1.387807200961741,1.1788556165895736
Case2-loop,7->9,0.3660399153642035,1,0.03900016195007465,0.4364990290712982,-0.9625966954910775,-2.244939541344697,-0.2980117016203801,-1.7324055674209002,-1.4060432426080072,1.2208296237598164
Case2-loop,7->9,0.3660399153642035,1,0.04200017733550371,0.43892626002226043,-0.9608335612864572,-2.242731624639114,-0.2806702715349332,-1.7100852776436413,-1.4231447927344165,1.260539631490264
Case2-loop,7->9,0.3660399153642035,1,0.04500019327063168,0.44134201431083186,-0.9590547339119573,-2.2402807049764504,-0.26426415471744585,-1.688170168920403,-1.4392145968324035,1.298204369677683
Case2-loop,7->9,0.3660399153642035,1,0.04800020978983628,0.4437459810359471,-0.9572600074425366,-2.237617873268534,-0.24870736795577483,-1.6666286277800697,-1.454339167076473,1.3340077786559181
Case2-loop,7->9,0.3660399153642035,1,0.05100022693013836,0.44613783493739323,-0.9554491684777904,-2.2347693350437314,-0.23392668924007862,-1.6454339223656351,-1.4685922403860636,1.3681064475482458
Case2-loop,7->9,0.3660399153642035,1,0.05400024473136435,0.4485172355378767,-0.9536219959106551,-2.2317574194770526,-0.21985909789140362,-1.6245631964576193,-1.4820373387770194,1.4006351188776043
Case2-loop,7->9,0.3660399153642035,1,0.05700026323645694,0.45088382622944473,-0.9517782606993296,-2.2286013385313597,-0.20644984241560257,-1.603996713607934,-1.4947297021170047,1.4317108417512237
Case2-loop,7->9,0.3660399153642035,1,0.06000028249173399,0.45323723330064597,-0.9499177256447678,-2.225317768002853,-0.19365095716908315,-1.583717279609475,-1.5067177722113902,1.4614361592187217
Case2-loop,7->9,0.3660399153642035,1,0.063000302547161,0.4555770649009116,-0.9480401451763557,-2.221921299121381,-0.18142010630729696,-1.5637097946690466,-1.518044349763039,1.489901591645247
Case2-loop,7->9,0.3660399153642035,1,0.06600032345667754,0.4579029099385215,-0.9461452651488707,-2.2184247944147515,-0.16971967061246024,-1.5439609015944873,-1.5287475086253643,1.517187597896942
Case2-loop,7->9,0.3660399153642035,1,0.06900034527854548,0.46021433690839114,-0.9442328226544037,-2.2148396716608905,-0.1585160174104616,-1.524458706194615,-1.5388613271564415,1.5433661430833163
Case2-loop,7->9,0.3660399153642035,1,0.0720003680757114,0.46251089264592005,-0.9423025458535437,-2.2111761330669433,-0.1477789104646926,-1.5051925527771775,-1.5484164798058622,1.5685019656630002
Case2-loop,7->9,0.3660399153642035,1,0.07500039191627704,0.4647921010032372,-0.9403541538307545,-2.2074433522044923,-0.13748102825899852,-1.4861528422409958,-1.557440720543743,1.5926536118933041
Case2-loop,7->9,0.3660399153642035,1,0.07800041687389245,0.46705746144406846,-0.9383873564798736,-2.2036496279946682,-0.1275975671892059,-1.4673308834982604,-1.5659592816363404,1.6158742881437484
Case2-loop,7->9,0.3660399153642035,1,0.08100044302820271,0.46930644755387485,-0.9364018544263759,-2.1998025127283922,-0.1181059119754477,-1.4487187712709022,-1.5739952054822626,1.6382125691220766
Case2-loop,7->9,0.3660399153642035,1,0.08400047046544594,0.47153850546217585,-0.9343973389941073,-2.1959089194362673,-0.10898535981034305,-1.430309284978128,-1.5815696230231613,1.659712991015156
Case2-loop,7->9,0.3660399153642035,1,0.08700049927894593,0.473753052174131,-0.9323734922255996,-2.1919752126970833,-0.1002168878485354,-1.4120958046621361,-1.588701989155195,1.6804165518968313
Case2-loop,7->9,0.3660399153642035,1,0.09000052956974351,0.47594947380942665,-0.9303299869660742,-2.18800728606255,-0.09178295594081659,-1.3940722408084634,-1.5954102832727477,1.7003611368124052
Case2-loop,9->11,0.7678813464260398,1,0.003000001518753225,0.4459950166094397,-0.6206922257913675,-0.4013345014361687,0.3330141537649606,-0.35404695476020503,0.2788086101890257,0.07193297592199296
Case2-loop,9->11,0.7678813464260398,1,0.006000002955519163,0.4442127104411712,-0.6182790549844933,-0.41006179575762036,0.3430691736096039,-0.3433062443158253,0.2664985773352362,0.10158425006914389
Case2-loop,9->11,0.7678813464260398,1,0.00900000431538699,0.4424257697808935,-0.6158693140781187,-0.41648815876522,0.3504908319183206,-0.33487548436496134,0.2568136342678626,0.12424188497606438
Case2-loop,9->11,0.7678813464260398,1,0.012000005603099655,0.44063432596057345,-0.6134629191053608,-0.421719253321793,0.35654458168871783,-0.3276496910667467,0.24848741061692714,0.14326700514387208
Case2-loop,9->11,0.7678813464260398,1,0.015000006823074721,0.43883850539559077,-0.6110597886847974,-0.4261842596104158,0.36172146474279937,-0.32120048453457983,0.24102781021011843,0.15996421872915156
Case2-loop,9->11,0.7678813464260398,1,0.018000007979420342,0.4370384298091448,-0.6086598439310257,-0.4301037463879416,0.36627377970318875,-0.3153082420322226,0.23418131540602782,0.17500407693645492
Case2-loop,9->11,0.7678813464260398,1,0.021000009075959974,0.43523421644475757,-0.606263008368246,-0.43360901493746,0.3703516883029577,-0.30984278465338555,0.2277963458765752,0.18878587185759882
Case2-loop,9->11,0.7678813464260398,1,0.024000010116260937,0.43342597826757884,-0.6038692078468156,-0.43678579432751485,0.3740532210217962,-0.30471972079600473,0.22177320853635368,0.20157045909705315
Case2-loop,9->11,0.7678813464260398,1,0.027000011103665456,0.43161382415515837,-0.601478370462704,-0.4396937570082949,0.377446607076912,-0.2998809800396972,0.21604171038615558,0.2135395824652296
Case2-loop,9->11,0.7678813464260398,1,0.030000012041275847,0.42979785907832885,-0.5990904264798186,-0.44237644113806746,0.38058162578996313,-0.29528495471459526,0.21054973273609828,0.22482604394008146
Case2-loop,9->11,0.7678813464260398,1,0.03300001293199236,0.42797818427271755,-0.59670530825505,-0.4448667830948512,0.3834959349270435,-0.29090105092567903,0.20525680474732091,0.23553053774322633
Case2-loop,9->11,0.7678813464260398,1,0.03600001377853183,0.42615489740147483,-0.5943229501660148,-0.44719042419115995,0.38621885252287375,-0.2867064925470856,0.20013019034999094,0.24573172873121865
Case2-loop,9->11,0.7678813464260398,1,0.039000014583428694,0.42432809270972666,-0.5919432885414159,-0.4493677974452303,0.3887737431561554,-0.2826843834235506,0.19514232352207847,0.2554926362528491
Case2-loop,9->11,0.7678813464260398,1,0.042000015349052955,0.422497861171201,-0.5895662615939178,-0.4514155034088887,0.39117959104351785,-0.27882253548189423,0.19026898813825324,0.2648648767534221
Case2-loop,9->11,0.7678813464260398,1,0.045000016077621746,0.420664290627494,-0.5871918093554713,-0.45334725057045644,0.39345207514959396,-0.2751128130480224,0.1854878936396595,0.2738916127047986
Case2-loop,9->11,0.7678813464260398,1,0.04800001677122264,0.4188274659203815,-0.5848198736149954,-0.45517451787578944,0.3956043265263387,-0.27155087692693847,0.18077741212748866,0.28260970377084255
Case2-loop,9->11,0.7678813464260398,1,0.05100001743179503,0.41698746901759653,-0.5824503978583825,-0.45690703365441415,0.3976474757253804,-0.26813630171709724,0.1761152783501161,0.2910513764098418
Case2-loop,9->11,0.7678813464260398,1,0.05400001806116096,0.4151443791323942,-0.5800833272106702,-0.4585531295988471,0.3995910573576,-0.26487312412560093,0.17147702718706542,0.2992456437122522
Case2-loop,9->11,0.7678813464260398,1,0.05700001866103221,0.413298272837279,-0.5777186083803727,-0.4601200075033588,0.4014433149194993,-0.2617709948090971,0.166833834731588,0.3072196918018608
Case2-loop,9->11,0.7678813464260398,1,0.060000019233018745,0.41144922417222346,-0.5753561896058588,-0.4616139437105675,0.40321143441392043,-0.25884731249520365,0.16214916611670135,0.315000514175815
Case2-loop,9->11,0.7678813464260398,1,0.06300001977862076,0.40959730474767125,-0.5729960206037366,-0.4630404481926536,0.40490172611855635,-0.25613116132801245,0.15737300942876173,0.32261729429299196
Case2-loop,9->11,0.7678813464260398,1,0.06600002029925384,0.40774258384259776,-0.5706380525191175,-0.464404390010154,0.40651976792760186,-0.25367096474140727,0.15243087020015592,0.33010565653112783
Case2-loop,9->11,0.7678813464260398,1,0.06900002079624526,0.405885128497925,-0.568282237877747,-0.465710097457352,0.4080705197651824,-0.2515509314832965,0.14719994949181128,0.33751681855198995
Case2-loop,9->11,0.7678813464260398,1,0.07200002127084561,0.4040250036055184,-0.5659285305398964,-0.46696143887894526,0.409558415911556,-0.24993276768434963,0.14144750468817402,0.34494188617435856
Case2-loop,9->11,0.7678813464260398,1,0.07500002172422733,0.40216227199301946,-0.5635768856559721,-0.4681618885379612,0.41098744024837525,-0.2491979937129918,0.13461494338441277,0.3526002612871142
Case2-loop,9->11,0.7678813464260398,1,0.07800002215749055,0.40029699450472755,-0.5612272596237595,-0.46931458078731814,0.41236118814021844,-0.25100151553630967,0.12416649689310537,0.3615477486063354
Case2-loop,9->11,0.7678813464260398,1,0.08100002257168036,0.398429230078734,-0.5588796100472401,-0.47042235499201246,0.41368291774888,-0.15345733690806304,0.1829842472489195,0.3920315028915504
Case2-loop,9->11,0.7678813464260398,1,0.08400002296777175,0.396559035820535,-0.5565338956969519,-0.47148779306566624,0.41495559291020045,-0.15711676482908707,0.17777557893308968,0.3938064276071513
Case2-loop,9->11,0.7678813464260398,1,0.08700002334668652,0.3946864670732697,-0.5541900764717866,-0.47251325105641656,0.41618191921316733,-0.16092967607203418,0.17228094730770227,0.3956918097414687
Case2-loop,9->11,0.7678813464260398,1,0.09000002370929558,0.392811577484785,-0.551848113362204,-0.47350088589856176,0.41736437455690106,-0.16485873920432517,0.16647496261195785,0.39775051444606085
Case2-loop,9->11,0.7678813464260398,-1,-0.0030000015764515696,0.4495451741058184,-0.6255292064357502,-0.3774418735492981,0.032906094735110934,-0.09074774802549727,0.2825720045788529,0.3801665268641629
Case2-loop,9->11,0.7678813464260398,-1,-0.006000003244256815,0.4513127359844076,-0.6279531979811547,-0.3806274786405816,0.03155991552598978,-0.08923527999923897,0.28547905077958097,0.38650270461792013
Case2-loop,9->11,0.7678813464260398,-1,-0.009000005009609258,0.45307508392808615,-0.6303809830452676,-0.38379219013827404,0.030246374886608855,-0.08774979980445047,0.28836911652478847,0.39277022115401566
Case2-loop,9->11,0.7678813464260398,-1,-0.012000006879199537,0.4548320581838378,-0.6328126599732683,-0.3869377440071361,0.02896394622485646,-0.08629021510004112,0.29124349640820496,0.3989730555843617
Case2-loop,9->11,0.7678813464260398,-1,-0.015000008860216324,0.45658349243986485,-0.6352483302984395,-0.3900657654579638,0.02771122784293909,-0.08485550317595987,0.2941034138496362,0.4051149231609178
Case2-loop,9->11,0.7678813464260398,-1,-0.018000010960424074,0.4583292134937296,-0.6376880988537218,-0.39317778124388203,0.026486929465088873,-0.08344470508234925,0.29695002790766906,0.4111993021487837
Case2-loop,9->11,0.7678813464260398,-1,-0.021000013188192657,0.4600690409008928,-0.6401320738863071,-0.39627523035304374,0.025289860609934572,-0.08205692037798162,0.2997844393395005,0.41722945734392497
Case2-loop,9->11,0.7678813464260398,-1,-0.02400001555257592,0.46180278660243834,-0.6425803671752489,-0.39935947334998534,0.02411892050863264,-0.08069130242258173,0.3026076960058616,0.42320846073792395
Case2-loop,9->11,0.7678813464260398,-1,-0.02700001806333435,0.4635302545305668,-0.6450330941518699,-0.4024318005715194,0.022973089325823648,-0.07934705414821842,0.3054207977038629,0.4291392097436618
Case2-loop,9->11,0.7678813464260398,-1,-0.030000020731047808,0.4652512401904836,-0.6474903740229161,-0.4054934393469126,0.021851420484396422,-0.07802342425360825,0.3082247004986843,0.43502444332629253
Case2-loop,9->11,0.7678813464260398,-1,-0.03300002356713878,0.46696553021704196,-0.649952329896078,-0.40854556038208384,0.02075303393040604,-0.07671970377299622,0.31102032061404206,0.4408667563255761
Case2-loop,9->11,0.7678813464260398,-1,-0.036000026583983845,0.46867290190459143,-0.6524190889077437,-0.4115892834244606,0.01967711020241118,-0.07543522297745647,0.3138085379331829,0.4466686122103839
Case2-loop,9->11,0.7678813464260398,-1,-0.039000029794961893,0.4703731227081939,-0.654890782352505,-0.41462568230544905,0.018622885192367742,-0.07416934857214136,0.3165901991543658,0.4524323544673317
Case2-loop,9->11,0.7678813464260398,-1,-0.04200003321460532,0.4720659497144375,-0.6573675458141227,-0.41765578944202386,0.01758964550352795,-0.07292148115759169,0.31936612063878134,0.45816021679474106
Case2-loop,9->11,0.7678813464260398,-1,-0.045000036858672245,0.47375112907977057,-0.6598495192972749,-0.4206805998656155,0.016576724325964524,-0.0716910529274262,0.32213709098316645,0.4638543322464568
Case2-loop,9->11,0.7678813464260398,-1,-0.04800004074422089,0.4754283954342941,-0.6623368473595317,-0.4237010748360849,0.015583497762570361,-0.07047752557806936,0.32490387334507825,0.46951674144904937
Case2-loop,9->11,0.7678813464260398,-1,-0.05100004488981456,0.47709747124887,-0.6648296792429079,-0.4267181450895064,0.014609381548595961,-0.06928038840924011,0.3276672075447228,0.47514939999756123
Case2-loop,9->11,0.7678813464260398,-1,-0.054000049315608076,0.478758066163049,-0.6673281690039002,-0.42973271376061767,0.013653828116351196,-0.06809915659666849,0.3304278119634567,0.4807541851189832
Case2-loop,9->11,0.7678813464260398,-1,-0.05700005404351023,0.4804098762714486,-0.6698324756411203,-0.43274565901492834,0.01271632396356011,-0.06693336962058073,0.33318638525651384,0.48633290168057053
Case2-loop,9->11,0.7678813464260398,-1,-0.060000059097311605,0.48205258336591134,-0.6723427632191948,-0.4357578364195927,0.011796387289885284,-0.06578258983564991,0.3359436078944127,0.49188728760813627
Case2-loop,9->11,0.7678813464260398,-1,-0.06300006450296722,0.4836858541308097,-0.6748592009876467,-0.43877008107783394,0.01089356587097289,-0.06464640116970316,0.3387001435454371,0.4974190187705392
Case2-loop,9->11,0.7678813464260398,-1,-0.06600007028869412,0.485309339288448,-0.6773819634927833,-0.44178320954710393,0.010007435143698175,-0.06352440794020403,0.3414566403089398,0.5029297133772854
Case2-loop,9->11,0.7678813464260398,-1,-0.06900007648524223,0.4869226726917782,-0.6799112306809282,-0.44479802155824844,0.009137596479619032,-0.06241623377861603,0.3442137318078484,0.5084209359301107
Case2-loop,9->11,0.7678813464260398,-1,-0.07200008312612984,0.4885254703612308,-0.6824471879905387,-0.44781530154919225,0.008283675626816952,-0.06132152065415675,0.3469720381464131,0.5138942007619322
Case2-loop,9->11,0.7678813464260398,-1,-0.07500009024789679,0.4901173294625104,-0.6849900264306142,-0.45083582002406214,0.0074453213027740285,-0.060239927989402295,0.34973216673777563,0.5193509751913404
Case2-loop,9->11,0.7678813464260398,-1,-0.07800009789045279,0.4916978272221451,-0.687539942642411,-0.45386033474609355,0.006622203923107472,-0.05917113186112216,0.35249471300436874,0.5247926823157324
Case2-loop,9->11,0.7678813464260398,-1,-0.08100010609729465,0.4932665197773876,-0.6900971389407513,-0.45688959176982186,0.005814014452952509,-0.058114824280706884,0.3552602609522196,0.530220703460761
Case2-loop,9->11,0.7678813464260398,-1,-0.08400011491597315,0.494822940957364,-0.6926618233312114,-0.4599243263165184,0.005020463369187217,-0.05707071254903514,0.3580293836194015,0.5356363803007995
Case2-loop,9->11,0.7678813464260398,-1,-0.08700012439841676,0.4963666009920206,-0.695234209498208,-0.46296526349372413,0.004241279723300991,-0.0560385186816213,0.36080264339654633,0.5410410166594567
Case2-loop,9->11,0.7678813464260398,-1,-0.09000013460136998,0.4978969851458504,-0.6978145167588904,-0.46601311885829244,0.0034762102956944906,-0.05501797890024488,0.3635805922164631,0.5464358799966139
Case2-loop,11->9,0.8035919983955813,-1,-0.003000000796892316,0.4263997794494385,-0.5946424922516642,0.6460785982622763,-1.6708525423829925,0.40622033178038786,-1.7258523086742388,0.24608324260661943
Case2-loop,11->9,0.8035919983955813,-1,-0.006000001634939358,0.4282225871400719,-0.5970252169842447,0.6875300525521266,-1.6570459649247318,0.3500431768523527,-1.7326282532925894,0.3458468932700085
Case2-loop,11->9,0.8035919983955813,-1,-0.009000002516650151,0.43004176986056925,-0.5994107105431774,0.7172255080562826,-1.6464276472952253,0.30596132500269974,-1.736367180882567,0.4209837858690516
Case2-loop,11->9,0.8035919983955813,-1,-0.012000003444693702,0.4318572294774831,-0.6017990388178535,0.740834838016432,-1.6375881620510462,0.26829438433912606,-1.7384765697553117,0.4831903881190687
Case2-loop,11->9,0.8035919983955813,-1,-0.015000004421935388,0.4336688642635499,-0.6041902697279422,0.7605658847659885,-1.6299614492721024,0.23482427149640928,-1.73952074712215,0.5370358308983632
Case2-loop,11->9,0.8035919983955813,-1,-0.018000005451443993,0.4354765687338075,-0.6065844732959922,0.7775561172418686,-1.623246837514018,0.2044035464245587,-1.7397988487419571,0.5848831000770743
Case2-loop,11->9,0.8035919983955813,-1,-0.021000006536505335,0.4372802334728443,-0.6089817217227358,0.792483850975409,-1.617259489310438,0.1763441841971741,-1.7394943562370553,0.6281476352499961
Case2-loop,11->9,0.8035919983955813,-1,-0.024000007680638057,0.43907974495264046,-0.6113820894651618,0.8057924394131859,-1.6118748958617848,0.15019337511775388,-1.7387305872040224,0.6677593125752445
Case2-loop,11->9,0.8035919983955813,-1,-0.02700000888761848,0.44087498534041647,-0.6137856533174407,0.8177905846923504,-1.6070037503119283,0.12563320510594037,-1.7375958085059593,0.7043693092258343
Case2-loop,11->9,0.8035919983955813,-1,-0.030000010161506135,0.442665832295861,-0.6161924924947649,0.8287034307384156,-1.6025789979605,0.10242955358357837,-1.7361561742096563,0.7384555549606338
Case2-loop,11->9,0.8035919983955813,-1,-0.0330000115066454,0.44445215875706084,-0.6186026887201488,0.8387011034225438,-1.5985485156806785,0.08040354419547927,-1.734463035729223,0.7703816879247258
Case2-loop,11->9,0.8035919983955813,-1,-0.036000012927709345,0.446233832714458,-0.6210163263143038,0.8479157995279232,-1.5948706749299553,0.05941444667312159,-1.7325573696387258,0.8004323889958967
Case2-loop,11->9,0.8035919983955813,-1,-0.039000014429715,0.448010716972034,-0.6234334922885834,0.856452590491783,-1.5915115016659827,0.03934886392159186,-1.7304726097086371,0.8288357433914973
Case2-loop,11->9,0.8035919983955813,-1,-0.04200001601807448,0.4497826688949519,-0.6258542764410899,0.8643965580510599,-1.5884427766911533,0.020113587238161135,-1.7282365395238635,0.8557780266702236
Case2-loop,11->9,0.8035919983955813,-1,-0.0450000176986004,0.4515495401427346,-0.6282787714559162,0.8718176800436159,-1.5856407181387244,0.0016307014392278316,-1.7258726038658136,0.8814138412273823
Case2-loop,11->9,0.8035919983955813,-1,-0.048000019477552405,0.45331117638711027,-0.6307070730056041,0.8787742782693057,-1.58308503952051,-0.0161658719877859,-1.7234008453450365,0.9058732791656743
Case2-loop,11->9,0.8035919983955813,-1,-0.051000021361662276,0.4550674170134979,-0.6331392798567762,0.885315514893017,-1.5807582586598468,-0.03333288017419988,-1.720838590878366,0.9292671161910465
Case2-loop,11->9,0.8035919983955813,-1,-0.05400002335821186,0.4568180948051218,-0.6355754939789782,0.8914832403497794,-1.5786451792980372,-0.04991959555169207,-1.7182009661489313,0.9516906624985375
Case2-loop,11->9,0.8035919983955813,-1,-0.057000025475040315,0.45856303560855116,-0.6380158206565979,0.8973133877685793,-1.5767324946557557,-0.06596921893604232,-1.715501288703132,0.9732266737923976
Case2-loop,11->9,0.8035919983955813,-1,-0.06000002772060561,0.46030205797953677,-0.6404603686038897,0.9028370431045827,-1.5750084790978334,-0.08151995820087218,-1.7127513734783475,0.993947589650173
Case2-loop,11->9,0.8035919983955813,-1,-0.0630000301040522,0.462034972807835,-0.6429092500829632,0.9080812787413597,-1.5734627447298846,-0.09660587030346635,-1.7099617738821702,1.0139172808544772
Case2-loop,11->9,0.8035919983955813,-1,-0.06600003263524883,0.46376158291961644,-0.6453625810245771,0.9130698115219598,-1.5720860467072932,-0.11125752762478103,-1.7071419745977685,1.033192431922437
Case2-loop,11->9,0.8035919983955813,-1,-0.06900003532487385,0.46548168265605194,-0.6478204811516107,0.9178235283972966,-1.5708701256747999,-0.12550255181775305,-1.7043005476568704,1.0518236483209595
Case2-loop,11->9,0.8035919983955813,-1,-0.07200003818447517,0.4671950574264746,-0.6502830741049214,0.9223609108372228,-1.5698075789179382,-0.13936604631635455,-1.7014452801638547,1.0698563529445921
Case2-loop,11->9,0.8035919983955813,-1,-0.07500004122656437,0.4689014832344793,-0.6527504875713513,0.926698380827195,-1.5688917540071945,-0.15287095033729928,-1.69858327985851,1.0873315192104918
Case2-loop,11->9,0.8035919983955813,-1,-0.07800004446467752,0.47060072617517346,-0.6552228534134529,0.9308505854185256,-1.5681166602731604,-0.16603833135224944,-1.6957210631511093,1.1042862760029222
Case2-loop,11->9,0.8035919983955813,-1,-0.08100004791348395,0.4722925419017309,-0.6577003078005654,0.9348306326148618,-1.5674768945716153,-0.17888762882465728,-1.6928646291456404,1.1207544110310124
Case2-loop,11->9,0.8035919983955813,-1,-0.08400005158892235,0.4739766750592499,-0.6601829913406867,0.9386502883410572,-1.566967578615875,-0.1914368589693694,-1.6900195223513677,1.136766792870596
Case2-loop,11->9,0.8035919983955813,-1,-0.08700005550825979,0.4756528586837375,-0.662671049212409,0.9423201420078582,-1.5665843057594968,-0.2037027880609764,-1.6871908861793232,1.1523517273315993
Case2-loop,11->9,0.8035919983955813,-1,-0.09000005969024902,0.4773208135640806,-0.6651646312962981,0.9458497465242027,-1.5663230955663467,-0.21570108015666845,-1.684383508867841,1.1675352603463138
Case2-loop,9->7,0.8393025852638434,1,0.0030000004095628243,0.3979604454950194,-0.5582911673963392,-0.15435978783199358,0.1817031497007445,-0.47069342880003845,0.4140065797831482,0.3924689236565745
Case2-loop,9->7,0.8393025852638434,1,0.0060000008012633735,0.3960896506265167,-0.5559459320328443,-0.15805939796163473,0.1764256801112776,-0.4717486274816885,0.41526738672163477,0.39426677964727497
Case2-loop,9->7,0.8393025852638434,1,0.009000001176008255,0.3942164948795573,-0.5536025819104549,-0.16190647440993264,0.17085483116744885,-0.47276440475137194,0.41648248651361564,0.3961888412449528
Case2-loop,9->7,0.8393025852638434,1,0.012000001534658253,0.39234103148699867,-0.5512610782877644,-0.16585336778714455,0.1649689369655645,-0.4737428713227273,0.4176543041994347,0.39830370472982485
Case2-loop,9->7,0.8393025852638434,1,0.015000001878018962,0.39046331206607005,-0.548921383470821,-0.16979188895480965,0.15877580724245527,-0.4746859667705135,0.4187850690839659,0.40070589580196564
Case2-loop,9->7,0.8393025852638434,1,0.018000002206848362,0.38858338667886305,-0.5465834607793038,-0.17351949183219567,0.1523470652151407,-0.4755954783353554,0.41987683621657934,0.4035121807256125
Case2-loop,9->7,0.8393025852638434,1,0.02100000252186373,0.38670130389014595,-0.544247274513933,-0.17673547126715888,0.1458508031452457,-0.47647305714150406,0.42093150491643644,0.40683167633888984
Case2-loop,9->7,0.8393025852638434,1,0.024000002823745023,0.3848171108226372,-0.5419127899250697,-0.17912941536967084,0.13952949117968072,-0.47732023225090897,0.42195083482665086,0.4107061950100827
Case2-loop,9->7,0.8393025852638434,1,0.027000003113131495,0.3829308532098651,-0.5395799731824648,-0.18053841551169586,0.1335953820367766,-0.47813842289729375,0.4229364598899048,0.41507110683486265
Case2-loop,9->7,0.8393025852638434,1,0.03000000339062588,0.3810425754467334,-0.5372487913460932,-0.181010325984482,0.12813796854394607,-0.47892894918118556,0.4238899005664313,0.41979127116038534
Case2-loop,9->7,0.8393025852638434,1,0.03300000365680277,0.379152320637893,-0.5349192123380496,-0.18071816383826972,0.12313404800247246,-0.4796930414567361,0.42481257455800336,0.4247303978192438
Case2-loop,9->7,0.8393025852638434,1,0.03600000391220444,0.3772601306441001,-0.532591204915424,-0.17985207954237542,0.11851036518195047,-0.4804318486017796,0.42570580625664783,0.42978743186007967
Case2-loop,9->7,0.8393025852638434,1,0.03900000415733475,0.3753660461265058,-0.5302647386442325,-0.17856847339223872,0.11418875698223654,-0.48114644532904455,0.42657083509827515,0.4348976797241913
Case2-loop,9->7,0.8393025852638434,1,0.04200000439268243,0.3734701065891545,-0.5279397838741791,-0.17698240848646768,0.11010333410927871,-0.48183783867254504,0.42740882297450106,0.4400222796381293
Case2-loop,9->7,0.8393025852638434,1,0.045000004618704265,0.3715723504196718,-0.5256163117143886,-0.17517527257310692,0.106203012566528,-0.4825069737597384,0.4282208608287839,0.4451384831192673
Case2-loop,9->7,0.8393025852638434,1,0.04800000483583418,0.3696728149282584,-0.5232942940099685,-0.17320422247992234,0.10244924873637135,-0.48315473896399264,0.42900797454491946,0.45023318854838373
Case2-loop,9->7,0.8393025852638434,1,0.05100000504448104,0.3677715363850632,-0.5209737033194186,-0.17110967406720742,0.09881303278957071,-0.48378197051695404,0.42977113021874347,0.45529905251504316
Case2-loop,9->7,0.8393025852638434,1,0.05400000524503143,0.36586855005603447,-0.5186545128928188,-0.16892055964895986,0.09527233533203339,-0.48438945664888644,0.43051123889080706,0.4603322142036543
Case2-loop,9->7,0.8393025852638434,1,0.05700000543785794,0.3639638902372803,-0.5163366966507965,-0.16665787562169637,0.0918101890268063,-0.4849779413147547,0.43122916080594886,0.4653309603136711
Case2-loop,9->7,0.8393025852638434,1,0.06000000562330855,0.3620575902880594,-0.5140202291642334,-0.16433705789698833,0.08841330756609875,-0.4855481275559642,0.43192570925679297,0.4702949302158937
Case2-loop,9->7,0.8393025852638434,1,0.06300000580171533,0.36014968266243247,-0.5117050856346622,-0.1619695819946103,0.08507110350631632,-0.4861006805406026,0.4326016540600859,0.47522463384470925
Case2-loop,9->7,0.8393025852638434,1,0.06600000597339215,0.35824019893962467,-0.5093912418753749,-0.15956405385187816,0.08177498864430724,-0.4866362303189151,0.4332577247077735,0.4801211538450944
Case2-loop,9->7,0.8393025852638434,1,0.06900000613863658,0.3563291698532247,-0.5070786742931408,-0.15712696414231023,0.07851787148622934,-0.48715537432651085,0.43389461323001494,0.48498595866389804
Case2-loop,9->7,0.8393025852638434,1,0.07200000629773474,0.3544166253191757,-0.504767359870595,-0.1546632176324277,0.07529379201765422,-0.4876586796626228,0.43451297680120776,0.48982078401111545
Case2-loop,9->7,0.8393025852638434,1,0.07500000645095319,0.35250259446270976,-0.5024572761492102,-0.15217650993646684,0.07209765261727337,-0.4881466851681774,0.4351134401173989,0.494627557480942
Case2-loop,9->7,0.8393025852638434,1,0.07800000659855007,0.350587105644189,-0.5001484012128606,-0.14966959912026626,0.06892501684799783,-0.4886199033245366,0.43569659756881773,0.4994083510961909
Case2-loop,9->7,0.8393025852638434,1,0.0810000067407656,0.3486701864839907,-0.4978407136719319,-0.14714450367107856,0.06577195660222318,-0.48907882199190855,0.43626301522930033,0.5041653524074646
Case2-loop,9->7,0.8393025852638434,1,0.08400000687783227,0.3467518638863847,-0.4955341926479839,-0.144602648056061,0.06263493399478125,-0.48952390600339724,0.43681323268075345,0.5089008482911985
Case2-loop,9->7,0.8393025852638434,1,0.08700000700997257,0.3448321640625312,-0.4932288177589173,-0.14204497034481162,0.05951070839917781,-0.48995559862946136,0.43734776468960046,0.5136172177601056
Case2-loop,9->7,0.8393025852638434,1,0.0900000071373926,0.3429111125525857,-0.49092456910465787,-0.13947200189126652,0.05639626175633802,-0.4903743229252947,0.4378671027494347,0.5183169314570465
Case2-loop,9->7,0.8393025852638434,-1,-0.003000000421998866,0.40169473120018845,-0.5629874542564797,-0.24926167854668949,0.1325678429183745,-0.2687297913985936,0.09947671504707589,0.03839310044538093
Case2-loop,9->7,0.8393025852638434,-1,-0.006000000863499769,0.40355810690786265,-0.5653385887956023,-0.24964081865925938,0.13987208735348855,-0.2762351134322904,0.09262904771564082,0.05421403239658638
Case2-loop,9->7,0.8393025852638434,-1,-0.009000001325567941,0.40541889133711134,-0.567691774738165,-0.25108876642780475,0.14581962466089804,-0.2825833741054005,0.0873759813546055,0.06638953046737736
Case2-loop,9->7,0.8393025852638434,-1,-0.012000001809330644,0.40727702216511236,-0.5700470566169661,-0.25310284722942145,0.15115265131515215,-0.28829212245740427,0.08295820992479602,0.07673830156846999
Case2-loop,9->7,0.8393025852638434,-1,-0.015000002315998425,0.40913243502547036,-0.5724044802440694,-0.2554876446061086,0.15615291429227754,-0.2935716501481891,0.07908052295305774,0.08596827894563819
Case2-loop,9->7,0.8393025852638434,-1,-0.01800000284684434,0.41098506342438174,-0.5747640927547633,-0.25814517195871667,0.16096236743900044,-0.29853447567379265,0.0755907252121922,0.09444370360744435
Case2-loop,9->7,0.8393025852638434,-1,-0.021000003403241173,0.4128348386527221,-0.5771259426532538,-0.26102012644866873,0.1656645701655153,-0.30325003590993677,0.07239786772465395,0.10238184915940456
Case2-loop,9->7,0.8393025852638434,-1,-0.024000003986635175,0.41468168969374575,-0.5794900798600661,-0.26407951011580694,0.17031432904967816,-0.3077651594830274,0.06944232262759419,0.10992541853571758
Case2-loop,9->7,0.8393025852638434,-1,-0.027000004598573386,0.41652554312622214,-0.5818565557613113,-0.2673034633263007,0.17495087969102724,-0.31211340990701203,0.06668241245328191,0.11717504986376978
Case2-loop,9->7,0.8393025852638434,-1,-0.03000000524070596,0.41836632302269555,-0.5842254232598294,-0.2706806443732545,0.17960459846209598,-0.3163199361611963,0.06408760517459634,0.12420596077921996
Case2-loop,9->7,0.8393025852638434,-1,-0.03300000591478548,0.4202039508426044,-0.5865967368282919,-0.2742057466547161,0.18430080725775572,-0.3204042323387,0.06163471428239593,0.13107734527878143
Case2-loop,9->7,0.8393025852638434,-1,-0.036000006622689915,0.4220383453199716,-0.5889705525643658,-0.27787814762528157,0.18906215987806577,-0.3243818193030398,0.059305623474164515,0.13783813049751392
Case2-loop,9->7,0.8393025852638434,-1,-0.039000007366410495,0.4238694223453127,-0.591346928247963,-0.28170123117630624,0.19391031599092734,-0.3282653257939685,0.05708584778545934,0.14453079259200002
Case2-loop,9->7,0.8393025852638434,-1,-0.042000008148089255,0.42569709484147694,-0.5937259234007193,-0.2856821713074531,0.19886728325721606,-0.3320652139484549,0.05496358278641968,0.15119411911124608
Case2-loop,9->7,0.8393025852638434,-1,-0.04500000897000704,0.42752127263299605,-0.596107599347702,-0.2898320951032803,0.20395667093167338,-0.33579028365480545,0.05292905314355285,0.15786543773002423
Case2-loop,9->7,0.8393025852638434,-1,-0.04800000983459716,0.42934186230859933,-0.5984920192814863,-0.2941666311501344,0.20920505419629234,-0.3394480336379012,0.0509740525506947,0.16458267008718827
Case2-loop,9->7,0.8393025852638434,-1,-0.05100001074447157,0.43115876707647993,-0.6008792483286663,-0.29870693492786776,0.21464366847078628,-0.3430449265121148,0.04909161032522905,0.17138652646563185
Case2-loop,9->7,0.8393025852638434,-1,-0.05400001170241988,0.43297188661184355,-0.603269353618852,-0.3465865875634458,0.04727574437252241,-0.30348140060382234,0.22031074408916476,0.17832321293023662
Case2-loop,9->7,0.8393025852638434,-1,-0.057000012711429876,0.43478111689630855,-0.6056624043562656,-0.35007795663617314,0.045521274574812746,-0.3085284745200815,0.2262550016510719,0.1854482126281921
Case2-loop,9->7,0.8393025852638434,-1,-0.06000001377470415,0.4365863500486337,-0.6080584718940018,-0.35352340610091965,0.043823679413417194,-0.31390139995366906,0.23254128689479978,0.19283215173987442
Case2-loop,9->7,0.8393025852638434,-1,-0.06300001489566293,0.4383874741462416,-0.6104576298110156,-0.3569268338132429,0.04217898414209682,-0.3196766542107187,0.2392603802771521,0.20057081687763773
Case2-loop,9->7,0.8393025852638434,-1,-0.06600001607798732,0.44018437303700053,-0.6128599539919573,-0.3602917373150634,0.04058367239380752,-0.3259701967425166,0.24654770877125276,0.2088041006018861
Case2-loop,9->7,0.8393025852638434,-1,-0.0690000173256166,0.44197692614059636,-0.6152655227098629,-0.36362127375243664,0.03903461546708958,-0.33297259026361026,0.2546236316038339,0.21775666620888476
Case2-loop,9->7,0.8393025852638434,-1,-0.07200001864278528,0.4437650082389144,-0.6176744167118249,-0.366918308766532,0.03752901514079073,-0.34103946150239517,0.26389705444845385,0.22784249813350502
Case2-loop,9->7,0.8393025852638434,-1,-0.07500002003403938,0.4455484892546821,-0.6200867193076703,-0.3701854567667532,0.03606435697345617,-0.3510068686514282,0.27532653176131616,0.24002959510509064
Case2-loop,9->7,0.8393025852638434,-1,-0.0780000215042644,0.4473272340176673,-0.6225025164617181,-0.3734251143925978,0.034638371823413304,-0.3665915612701106,0.29316901743171114,0.258620943016843
Case2-loop,9->7,0.8393025852638434,-1,-0.08100002305871071,0.4491011020176249,-0.624921896887655,-0.37663948853704554,0.03324900388301732,-0.09113141605252167,0.28184014706051275,0.3785662635789436
Case2-loop,9->7,0.8393025852638434,-1,-0.08400002470304008,0.45086994714316303,-0.6273449521465871,-0.3798306199867953,0.03189438392513449,-0.08961199983578386,0.28475166378791167,0.3849203183283001
Case2-loop,9->7,0.8393025852638434,-1,-0.08700002644332527,0.45263361740558783,-0.6297717767482328,-0.3830004034993232,0.030572806757582296,-0.08811985706763469,0.2876458633535708,0.391204669056308
Case2-loop,9->7,0.8393025852638434,-1,-0.09000002828612588,0.45439195464683285,-0.6322024682553677,-0.3861506049603972,0.02928271210282774,-0.08665387694295122,0.290524059368206,0.3974233657124176
Case2-loop,7->5,0.9285789471838538,-1,-0.003000000105454505,0.33524858401577506,-0.48175987204363035,-1.198015561519134,2.113017805635996,-1.0373528507210157,2.206804710811529,0.18603357283943203
Case2-loop,7->5,0.9285789471838538,-1,-0.006000000214675208,0.3371747771406911,-0.4840598243694081,-1.2239530055535888,2.0866525232159057,-0.9983036774645597,2.218292425416876,0.2612406613039235
Case2-loop,7->5,0.9285789471838538,-1,-0.009000000327821542,0.33909971403340194,-0.4863608282020774,-1.2419057164141214,2.065101260182553,-0.9674299982696223,2.2251294057584494,0.3177198879947536
Case2-loop,7->5,0.9285789471838538,-1,-0.01200000044506235,0.34102337162242236,-0.48866290165521675,-1.2556946338756683,2.0461254918466008,-0.9409070481755082,2.229551649588388,0.36433004193293006
Case2-loop,7->5,0.9285789471838538,-1,-0.015000000566577876,0.3429457262453451,-0.49096606327195597,-1.266811455921396,2.0288489595340167,-0.9172394117770536,2.2324329582830607,0.4045331365832778
Case2-loop,7->5,0.9285789471838538,-1,-0.018000000692552965,0.3448667536298533,-0.49327033203749093,-1.2760268878381396,2.012817387580129,-0.8956527708295539,2.2342252176430706,0.4401203200299228
Case2-loop,7->5,0.9285789471838538,-1,-0.02100000082318217,0.34678642887400635,-0.4955757273920367,-1.2838020022057777,1.9977578750567462,-0.8756825410819117,2.2351990040718315,0.47216499689832275
Case2-loop,7->5,0.9285789471838538,-1,-0.024000000958672336,0.34870472642575295,-0.4978822692442267,-1.2904392401282065,1.983490536071064,-0.857022867986073,2.2355319422879694,0.5013727376799056
Case2-loop,7->5,0.9285789471838538,-1,-0.027000001099241163,0.3506216200616479,-0.5001899779849647,-1.2961500244513293,1.9698889174158998,-0.839459010533143,2.235348285786309,0.5282379752055295
Case2-loop,7->5,0.9285789471838538,-1,-0.030000001245113456,0.3525370828647176,-0.5024988745017644,-1.301089223437737,1.9568598128880623,-0.8228328747426454,2.2347391007253936,0.5531238863727939
Case2-loop,7->5,0.9285789471838538,-1,-0.03300000139653335,0.3544510872014816,-0.504808980193582,-1.3053744158007756,1.94433197357951,-0.8070237458980265,2.2337735539317713,0.5763070523855607
Case2-loop,7->5,0.9285789471838538,-1,-0.03600000155374881,0.3563636046980067,-0.5071203169861715,-1.3090974344689337,1.9322493390424231,-0.7919367421544304,2.2325056801157146,0.5980042240903797
Case2-loop,7->5,0.9285789471838538,-1,-0.03900000171702478,0.35827460621505747,-0.5094329073479705,-1.3123316701321934,1.9205667520102332,-0.7774955084626705,2.230978665611591,0.6183892592332478
Case2-loop,7->5,0.9285789471838538,-1,-0.042000001886641644,0.36018406182219637,-0.5117467743065632,-1.3151368988987675,1.9092471238193207,-0.7636373864784376,2.2292276814946517,0.637604320476326
Case2-loop,7->5,0.9285789471838538,-1,-0.045000002062890884,0.3620919407708573,-0.5140619414657014,-1.317562590588936,1.898259490421959,-0.7503101039260207,2.227281826179713,0.6557675510825077
Case2-loop,7->5,0.9285789471838538,-1,-0.04800000224608459,0.363998211466309,-0.5163784330229544,-1.31965024548033,1.8875776381215028,-0.7374694355994859,2.225165498367371,0.6729784980063623
Case2-loop,7->5,0.9285789471838538,-1,-0.051000002436548855,0.3659028414384592,-0.518696273787971,-1.321435087882843,1.877179106635553,-0.7250775076199654,2.2228993927288863,0.6893220435713997
Case2-loop,7->5,0.9285789471838538,-1,-0.05400000263462548,0.36780579731145596,-0.5210154892014001,-1.3229473211253107,1.8670444495886067,-0.7131015403638881,2.220501238225197,0.7048713199909614
Case2-loop,7->5,0.9285789471838538,-1,-0.057000002840676495,0.3697070447720088,-0.5233361053545041,-1.3242130756965633,1.857156675200944,-0.7015128983170608,2.217986356290654,0.719689912159234
Case2-loop,7->5,0.9285789471838538,-1,-0.060000003055085564,0.37160654853639147,-0.5256581490094664,-1.325255137847504,1.8475008159741995,-0.6902863595449275,2.215368090078327,0.7338335511380408
Case2-loop,7->5,0.9285789471838538,-1,-0.0630000032782551,0.37350427231603817,-0.5279816476204366,-1.3260935179868938,1.8380635925676616,-0.6793995454441074,2.2126581395706775,0.7473514359172428
Case2-loop,7->5,0.9285789471838538,-1,-0.06600000351061454,0.37540017878167226,-0.5303066293553592,-1.3267459000988346,1.828833147671337,-0.6688324695446327,2.2098668267472514,0.7602872790555723
Case2-loop,7->5,0.9285789471838538,-1,-0.06900000375260902,0.3772942295259052,-0.5326331231185655,-1.3272280014021718,1.8197988327222072,-0.658567176140285,2.207003307960967,0.7726801439695671
Case2-loop,7->5,0.9285789471838538,-1,-0.07200000400471653,0.3791863850242042,-0.5349611585742452,-1.3275538633332211,1.810951035083326,-0.6485874476636784,2.2040757459015055,0.7845651227673989
Case2-loop,7->5,0.9285789471838538,-1,-0.07500000426743753,0.38107660459418236,-0.5372907661707296,-1.3277360893052303,1.8022810366067392,-0.6388785653501995,2.2010914502230703,0.7959738904752373
Case2-loop,7->5,0.9285789471838538,-1,-0.07800000454130455,0.3829648463530931,-0.5396219771657079,-1.3277860407396445,1.7937808968241369,-0.6294271116940308,2.1980569935910674,0.8069351623239882
Case2-loop,7->5,0.9285789471838538,-1,-0.08100000482687923,0.38485106717345263,-0.5419548236523611,-1.3277140000321908,1.7854433556713192,-0.620220806031243,2.1949783082401435,0.8174750741968907
Case2-loop,7->5,0.9285789471838538,-1,-0.08400000512475558,0.3867352226366533,-0.5442893385865069,-1.3275293070627718,1.7772617518588627,-0.6112483666394843,2.1918607669301937,0.827617501574119
Case2-loop,7->5,0.9285789471838538,-1,-0.08700000543555872,0.38861726698459986,-0.5466255558146732,-1.3272404743459938,1.7692299538884704,-0.6024993942546172,2.188709251298738,0.837384328804777
Case2-loop,7->5,0.9285789471838538,-1,-0.09000000575995835,0.3904971530690692,-0.5489635101033231,-1.3268552847962136,1.7613423013761,-0.593964273030402,2.1855282099487034,0.8467956779286725
