family,amplitude,geom_amplitude,T,jacobi_CJ,closure,nu,abs_nu_plus2,nontriv1_re,nontriv1_im,nontriv1_abs,classification,mult1_re,mult1_im,mult2_re,mult2_im,mult3_re,mult3_im,mult4_re,mult4_im
fam8_case1_res_3to2,0.001,0.0009828489661470035,11.131037413861563,15.252349518808998,2.6263779461579234e-14,-1.997794846379288,0.0022051536207119415,-0.9988974231896266,-0.04694611746554897,0.9999999999999825,spectrally stable (near transition),-0.9988974231896266,0.04694611746554897,-0.9988974231896266,-0.04694611746554897,0.999999999999986,4.001433297079597e-09,0.999999999999986,-4.001433297079597e-09
fam8_case1_res_3to2,0.002,0.0019662003476931785,11.131038374756473,15.252349635971509,6.005555782327803e-14,-1.9977946988475663,0.0022053011524336696,-0.9988973494237108,-0.04694768699456916,0.9999999999999275,spectrally stable (near transition),-0.9988973494237108,0.04694768699456916,-0.9988973494237108,-0.04694768699456916,1.0000000073471798,0.0,0.9999999926526622,0.0
fam8_case1_res_3to2,0.003,0.002950054455647308,11.131039976535217,15.252349831313794,7.470386728764175e-14,-1.9977944528844227,0.0022055471155773,-0.9988972264422016,-0.046950303577906013,0.9999999999999902,spectrally stable (near transition),-0.9988972264422016,0.046950303577906013,-0.9988972264422016,-0.046950303577906013,1.0000000039593233,0.0,0.9999999960406118,0.0
fam8_case1_res_3to2,0.004,0.003934411601515024,11.1310422198916,15.252350104894456,8.237223296060492e-14,-1.9977941083826412,0.002205891617358846,-0.9988970541911952,-0.04695396818056353,0.9999999999998744,spectrally stable (near transition),-0.9988970541911952,0.04695396818056353,-0.9988970541911952,-0.04695396818056353,0.9999999999999687,1.0724708717487574e-08,0.9999999999999687,-1.0724708717487574e-08
fam8_case1_res_3to2,0.005,0.004919272097030749,11.131045105354294,15.25235045677223,5.036022453904538e-14,-1.9977936652416441,0.0022063347583558546,-0.9988968326206712,-0.046958681626388686,0.9999999999998489,spectrally stable (near transition),-0.9988968326206712,0.046958681626388686,-0.9988968326206712,-0.046958681626388686,0.9999999999999065,9.167117342884636e-09,0.9999999999999065,-9.167117342884636e-09
fam8_case1_res_3to2,0.006,0.005904636254254422,11.131048633349344,15.252350887005978,6.047179828200943e-14,-1.9977931233623627,0.0022068766376373006,-0.998896561681148,-0.046964444652458484,0.9999999999999667,spectrally stable (near transition),-0.998896561681148,0.046964444652458484,-0.998896561681148,-0.046964444652458484,1.0000000089175498,0.0,0.9999999910823826,0.0
fam8_case1_res_3to2,0.007,0.006890504385515838,11.131052804307924,15.252351395654701,1.50317235280796e-14,-1.997792482638638,0.0022075173613620436,-0.9988962413192918,-0.04697125800036558,0.9999999999999728,spectrally stable (near transition),-0.9988962413192918,0.04697125800036558,-0.9988962413192918,-0.04697125800036558,1.0000000000000475,5.418633027201371e-09,1.0000000000000475,-5.418633027201371e-09
fam8_case1_res_3to2,0.008,0.007876876803388314,11.131057618766173,15.252351982777533,5.18687888184036e-14,-1.997791742949249,0.0022082570507508947,-0.9988958714746358,-0.04697912250085558,1.000000000000011,spectrally stable (near transition),-0.9988958714746358,0.04697912250085558,-0.9988958714746358,-0.04697912250085558,0.9999999999999696,4.898071200107514e-09,0.9999999999999696,-4.898071200107514e-09
fam8_case1_res_3to2,0.009000000000000001,0.008863753820936621,11.13106307718474,15.252352648433739,5.6469187524583685e-14,-1.9977909041722306,0.002209095827769403,-0.9988954520860789,-0.04698803892135723,0.9999999999999635,spectrally stable (near transition),-0.9988954520860789,0.04698803892135723,-0.9988954520860789,-0.04698803892135723,1.0000000000000788,1.0538055283549437e-08,1.0000000000000788,-1.0538055283549437e-08
fam8_case1_res_3to2,0.010000000000000002,0.00985113575133432,11.131069180071632,15.252353392682728,8.079704436707645e-14,-1.99778996617521,0.002210033824789903,-0.9988949830874898,-0.04699800806856186,0.9999999999998845,spectrally stable (near transition),-0.9988949830874898,0.04699800806856186,-0.9988949830874898,-0.04699800806856186,1.0000000130000353,0.0,0.999999987000012,0.0
fam8_case1_res_3to2,0.011,0.010839022908097948,11.131075927867236,15.252354215584027,7.223230211228819e-14,-1.9977889288244217,0.002211071175578283,-0.9988944644121516,-0.04700903069243311,0.9999999999999406,spectrally stable (near transition),-0.9988944644121516,0.04700903069243311,-0.9988944644121516,-0.04700903069243311,0.9999999956667581,0.0,1.0000000043333346,0.0
fam8_case1_res_3to2,0.012,0.011827415605165944,11.13108332108578,15.252355117197308,9.736575214108933e-14,-1.9977877919734262,0.0022122080265738475,-0.9988938959866822,-0.04702110760589784,0.999999999999969,spectrally stable (near transition),-0.9988938959866822,0.04702110760589784,-0.9988938959866822,-0.04702110760589784,0.9999999913639469,0.0,1.000000008636045,0.0
fam8_case1_res_3to2,0.013000000000000001,0.012816314156579614,11.131091360198125,15.25235609758238,1.0286560228778656e-13,-1.9977865554725311,0.0022134445274688552,-0.9988932777361571,-0.04703423958457565,0.9999999999998913,spectrally stable (near transition),-0.9988932777361571,0.04703423958457565,-0.9988932777361571,-0.04703423958457565,1.0000000060136887,0.0,0.999999993986246,0.0
fam8_case1_res_3to2,0.014000000000000002,0.013805718876942867,11.131100045698748,15.25235715679918,4.326504744358891e-14,-1.9977852191632253,0.0022147808367747324,-0.9988926095815778,-0.04704842742574507,0.9999999999999649,spectrally stable (near transition),-0.9988926095815778,0.04704842742574507,-0.9988926095815778,-0.04704842742574507,0.9999999834743125,0.0,1.0000000165257095,0.0
fam8_case1_res_3to2,0.015,0.014795630080914024,11.13110937805821,15.252358294907786,8.130597634920175e-14,-1.9977837828822762,0.0022162171177237955,-0.9988918914410031,-0.04706367190461272,0.9999999999998649,spectrally stable (near transition),-0.9988918914410031,0.04706367190461272,-0.9988918914410031,-0.04706367190461272,0.999999982445923,0.0,1.0000000175541617,0.0
fam8_case1_res_3to2,0.016,0.015786048083546514,11.131119357774422,15.25235951196841,1.9252302523513333e-14,-1.9977822464573722,0.002217753542627765,-0.9988911232286926,-0.04707997382044559,1.0000000000000064,spectrally stable (near transition),-0.9988911232286926,0.04707997382044559,-0.9988911232286926,-0.04707997382044559,1.000000025475503,0.0,0.9999999745245974,0.0
fam8_case1_res_3to2,0.017,0.016776973200338923,11.131129985301035,15.252360808041402,3.7682918908928553e-14,-1.9977806097128545,0.002219390287145462,-0.9988903048564071,-0.04709733393551811,0.9999999999999798,spectrally stable (near transition),-0.9988903048564071,0.04709733393551811,-0.9988903048564071,-0.04709733393551811,0.9999999999999767,1.9734387942652724e-08,0.9999999999999767,-1.9734387942652724e-08
fam8_case1_res_3to2,0.018000000000000002,0.017768405746773533,11.131141261173232,15.252362183187248,4.9282854961729785e-14,-1.9977788724596943,0.0022211275403056785,-0.9988894362297793,-0.047115753081297215,0.999999999999932,spectrally stable (near transition),-0.9988894362297793,0.047115753081297215,-0.9988894362297793,-0.047115753081297215,0.9999999999999454,8.47758093035994e-09,0.9999999999999454,-8.47758093035994e-09
fam8_case1_res_3to2,0.019000000000000003,0.018760346038948026,11.13115318585345,15.252363637466567,1.4966647033626107e-14,-1.9977770345078525,0.0022229654921475106,-0.9988885172538504,-0.04713523202714054,0.9999999999999241,spectrally stable (near transition),-0.9988885172538504,0.04713523202714054,-0.9988885172538504,-0.04713523202714054,1.0000000193481653,0.0,0.9999999806517167,0.0
fam8_case1_res_3to2,0.02,0.019752794393165973,11.131165759826002,15.252365170940115,1.1830538815050297e-13,-1.9977750956585973,0.002224904341402656,-0.9988875478293615,-0.04715577156160975,1.0000000000000628,spectrally stable (near transition),-0.9988875478293615,0.04715577156160975,-0.9988875478293615,-0.04715577156160975,1.0000000276395022,0.0,0.999999972360492,0.0
fam10_case2_res_2to1,0.15,0.15017171627739279,16.944441224341272,20.357698819786624,5.2318611537671495e-12,-1.9753901657750805,0.02460983422491947,-0.9876950828874309,-0.15639188994244363,0.9999999999998892,spectrally stable,-0.9876950828874309,0.15639188994244363,-0.9876950828874309,-0.15639188994244363,0.9999984764873354,0.0,1.000001523514946,0.0
fam10_case2_res_2to1,0.154,0.15419019995113387,16.947554051160406,20.357736645833455,5.823897911453945e-14,-1.9764444225982238,0.023555577401776162,-0.9882222112989256,-0.15302568769681926,0.9999999999998114,spectrally stable,-0.9882222112989256,0.15302568769681926,-0.9882222112989256,-0.15302568769681926,1.0000000000000933,9.11488912846228e-08,1.0000000000000933,-9.11488912846228e-08
fam10_case2_res_2to1,0.158,0.15820993195647218,16.95075262706427,20.35777546482013,7.639423665371298e-14,-1.9775039224601432,0.02249607753985683,-0.9887519612300073,-0.14956456520073225,0.9999999999999349,spectrally stable,-0.9887519612300073,0.14956456520073225,-0.9887519612300073,-0.14956456520073225,0.9999998516135182,0.0,1.0000001483867185,0.0
fam10_case2_res_2to1,0.162,0.16223096527278683,16.95403726639455,20.35781527667689,3.809123899939463e-14,-1.9785668038001352,0.021433196199864835,-0.9892834018999507,-0.14600805020622812,0.9999999999998819,spectrally stable,-0.9892834018999507,0.14600805020622812,-0.9892834018999507,-0.14600805020622812,0.9999998531420162,0.0,1.0000001468579571,0.0
fam10_case2_res_2to1,0.166,0.16625335414915607,16.95740829367785,20.35785608134634,8.42756304413127e-14,-1.979631143094072,0.020368856905927935,-0.9898155715469052,-0.14235566136620373,0.999999999999868,spectrally stable,-0.9898155715469052,0.14235566136620373,-0.9898155715469052,-0.14235566136620373,0.9999998606394681,0.0,1.0000001393604516,0.0
fam10_case2_res_2to1,0.17,0.17027715410173294,16.960866043625042,20.357897878784158,1.6993981315527725e-14,-1.9806949536645209,0.019305046335479137,-0.9903474768320921,-0.1386069086733012,0.99999999999983,spectrally stable,-0.9903474768320921,0.1386069086733012,-0.9903474768320921,-0.1386069086733012,0.9999999999999636,1.3499768386496518e-07,0.9999999999999636,-1.3499768386496518e-07
fam10_case2_res_2to1,0.17400000000000002,0.17430242191253215,16.964410861286314,20.35794066895988,3.996319730676859e-14,-1.9817561844979716,0.01824381550202836,-0.9908780922488523,-0.13476129377905735,0.9999999999998651,spectrally stable,-0.9908780922488523,0.13476129377905735,-0.9908780922488523,-0.13476129377905735,0.9999999794884595,0.0,1.000000020511644,0.0
fam10_case2_res_2to1,0.17800000000000002,0.17832977563346664,16.968043102181966,20.357984451857643,7.458003112774384e-14,-1.9828127190180278,0.017187280981972197,-0.991406359508944,-0.1308183103586085,0.9999999999999293,spectrally stable,-0.991406359508944,0.1308183103586085,-0.991406359508944,-0.1308183103586085,1.0000000000000122,2.352111364761123e-07,1.0000000000000122,-2.352111364761123e-07
fam10_case2_res_2to1,0.18200000000000002,0.1823589408154318,16.971763132477097,20.35802922747688,5.4604676810713204e-14,-1.9838623738326646,0.016137626167335384,-0.991931186916187,-0.126777444455832,0.9999999999998535,spectrally stable,-0.991931186916187,0.126777444455832,-0.991931186916187,-0.126777444455832,0.9999998354878826,0.0,1.0000001645121868,0.0
fam10_case2_res_2to1,0.18600000000000003,0.18638977981888993,16.97557132910186,20.358074995833103,1.2450565072357077e-13,-1.9849028974306362,0.015097102569363807,-0.9924514487152463,-0.12263817490024907,0.9999999999999275,spectrally stable,-0.9924514487152463,0.12263817490024907,-0.9924514487152463,-0.12263817490024907,1.0000000000001728,2.0143008162081467e-07,1.0000000000001728,-2.0143008162081467e-07
fam10_case2_res_2to1,0.19000000000000003,0.19042235411517885,16.979468079955208,20.358121756958607,3.6540644899751826e-14,-1.9859319688595058,0.014068031140494153,-0.9929659844296221,-0.11839997367165303,0.9999999999998683,spectrally stable,-0.9929659844296221,0.11839997367165303,-0.9929659844296221,-0.11839997367165303,0.9999998139914992,0.0,1.000000186008682,0.0
fam10_case2_res_2to1,0.19400000000000003,0.19445672644177955,16.983453784020412,20.358169510903192,9.753743220231372e-14,-1.9869471963452154,0.013052803654784562,-0.9934735981723581,-0.114062306367904,0.9999999999997489,spectrally stable,-0.9934735981723581,0.114062306367904,-0.9934735981723581,-0.114062306367904,0.999999999999825,2.410636560532922e-07,0.999999999999825,-2.410636560532922e-07
fam10_case2_res_2to1,0.19800000000000004,0.1984929608023612,16.987528851582283,20.358218257734883,7.757026597905429e-14,-1.9879461158950231,0.012053884104976875,-0.9939730579474292,-0.10962463260814505,0.9999999999999171,spectrally stable,-0.9939730579474292,0.10962463260814505,-0.9939730579474292,-0.10962463260814505,0.9999996750064588,0.0,1.0000003249939726,0.0
fam10_case2_res_2to1,0.20200000000000004,0.20253112246768082,16.991693704341532,20.358267997540665,2.92933316882896e-14,-1.9889261898402308,0.01107381015976916,-0.9944630949198622,-0.10508640655146506,0.9999999999997453,spectrally stable,-0.9944630949198622,0.10508640655146506,-0.9944630949198622,-0.10508640655146506,0.9999999116650315,0.0,1.0000000883347062,0.0
fam10_case2_res_2to1,0.20600000000000004,0.20657127797689936,16.99594877565211,20.35831873042717,5.286043856781221e-14,-1.9898848053641967,0.010115194635803348,-0.9949424026819051,-0.1004470773351291,0.9999999999998058,spectrally stable,-0.9949424026819051,0.1004470773351291,-0.9949424026819051,-0.1004470773351291,0.9999998203326961,0.0,1.0000001796669995,0.0
fam10_case2_res_2to1,0.21000000000000005,0.21061349513874408,17.000294510657383,20.3583704565214,7.79107245608288e-14,-1.9908192729707357,0.009180727029264313,-0.9954096364852043,-0.09570608962895163,0.9999999999998357,spectrally stable (near transition),-0.9954096364852043,0.09570608962895163,-0.9954096364852043,-0.09570608962895163,0.9999997407026204,0.0,1.000000259297331,0.0
fam10_case2_res_2to1,0.21400000000000005,0.21465784303342667,17.00473136649123,20.35842317597145,4.0118643192660553e-14,-1.9917268249253075,0.008273175074692496,-0.9958634124624556,-0.0908628841619898,0.999999999999801,spectrally stable (near transition),-0.9958634124624556,0.0908628841619898,-0.9958634124624556,-0.0908628841619898,0.999999999999944,2.1731376710282203e-07,0.999999999999944,-2.1731376710282203e-07
fam10_case2_res_2to1,0.21800000000000005,0.2187043920149138,17.009259812486107,20.35847688894716,3.311016075221719e-14,-1.992604613656535,0.007395386343465038,-0.9963023068281012,-0.08591689827193706,0.999999999999833,spectrally stable (near transition),-0.9963023068281012,0.08591689827193706,-0.9963023068281012,-0.08591689827193706,0.999999856468484,0.0,1.000000143531254,0.0
fam10_case2_res_2to1,0.22200000000000006,0.22275321371345466,17.013880330336942,20.358531595640876,7.182612455224813e-14,-1.9934497101097453,0.006550289890254746,-0.9967248550547203,-0.08086756652602617,0.9999999999998472,spectrally stable (near transition),-0.9967248550547203,0.08086756652602617,-0.9967248550547203,-0.08086756652602617,0.9999999999999646,1.7933450662975954e-07,0.9999999999999646,-1.7933450662975954e-07
fam10_case2_res_2to1,0.22600000000000006,0.2268043810387509,17.01859341433417,20.358587296268112,1.4266406787623885e-14,-1.9942591020712832,0.005740897928716793,-0.9971295510354388,-0.07571432131015518,0.9999999999997965,spectrally stable (near transition),-0.9971295510354388,0.07571432131015518,-0.9971295510354388,-0.07571432131015518,1.0000000000000635,1.41294405419739e-07,1.0000000000000635,-1.41294405419739e-07
fam10_case2_res_2to1,0.23000000000000007,0.23085796818351156,17.0233995715565,20.358643991068252,3.058106544204598e-14,-1.9950296924450264,0.00497030755497363,-0.9975148462223382,-0.07045659348616151,0.9999999999998246,spectrally stable (near transition),-0.9975148462223382,0.07045659348616151,-0.9975148462223382,-0.07045659348616151,0.9999997651929408,0.0,1.000000234807065,0.0
fam10_case2_res_2to1,0.23400000000000007,0.23491405062720036,17.028299322086458,20.35870168030524,1.0414043025662598e-13,-1.9957582974910055,0.0042417025089944715,-0.997879148745376,-0.06509381306199298,0.9999999999998729,spectrally stable (near transition),-0.997879148745376,0.06509381306199298,-0.997879148745376,-0.06509381306199298,0.9999997576087524,0.0,1.0000002423912584,0.0
fam10_case2_res_2to1,0.23800000000000007,0.23897270514108238,17.033293199236628,20.358760364268303,4.380837697844044e-14,-1.9964416450240654,0.0035583549759345967,-0.9982208225117823,-0.05962540988034436,0.9999999999997491,spectrally stable (near transition),-0.9982208225117823,0.05962540988034436,-0.9982208225117823,-0.05962540988034436,0.9999997986233544,0.0,1.0000002013768512,0.0
fam10_case2_res_2to1,0.24200000000000008,0.24303400979252443,17.03838174977715,20.35882004327259,4.2609421900650414e-14,-1.99707637257036,0.00292362742964003,-0.998538186284991,-0.054050814335235293,0.9999999999998107,spectrally stable (near transition),-0.998538186284991,0.054050814335235293,-0.998538186284991,-0.054050814335235293,0.9999997510809159,0.0,1.0000002489191193,0.0
fam10_case2_res_2to1,0.24600000000000008,0.24709804395134502,17.043565534161836,20.358880717659904,1.7806178273150092e-14,-1.9976590254823359,0.0023409745176641295,-0.998829512741082,-0.04836945810365073,0.9999999999999141,spectrally stable (near transition),-0.998829512741082,0.04836945810365073,-0.998829512741082,-0.04836945810365073,0.9999998895909497,0.0,1.0000001104091891,0.0
fam10_case2_res_2to1,0.2500000000000001,0.2511648882954437,17.048845126780215,20.358942387799367,1.3983702241310703e-14,-1.998186055013829,0.0018139449861709345,-0.9990930275067843,-0.042580774852830745,0.9999999999998698,spectrally stable (near transition),-0.9990930275067843,0.042580774852830745,-0.9990930275067843,-0.042580774852830745,0.9999999999999909,1.2017028208766594e-07,0.9999999999999909,-1.2017028208766594e-07
fam10_case2_res_2to1,0.2540000000000001,0.2552346248178903,17.054221116197446,20.35900505408814,2.670472449639342e-14,-1.9986538163520082,0.0013461836479917721,-0.9993269081758951,-0.036684200896131725,0.9999999999998908,spectrally stable (near transition),-0.9993269081758951,0.036684200896131725,-0.9993269081758951,-0.036684200896131725,1.0000000000000178,2.492925441376117e-07,1.0000000000000178,-2.492925441376117e-07
fam10_case2_res_2to1,0.2580000000000001,0.25930733683403884,17.059694105419098,20.359068716952084,5.94616206239026e-14,-1.9990585666088758,0.0009414333911241801,-0.9995292833041938,-0.03067917562315157,0.9999999999997558,spectrally stable (near transition),-0.9995292833041938,0.03067917562315157,-0.9995292833041938,-0.03067917562315157,0.9999998199075154,0.0,1.0000001800923517,0.0
fam10_case2_res_2to1,0.2620000000000001,0.2633831089900661,17.06526471214326,20.359133376846454,2.5688861855847274e-14,-1.9993964627696372,0.0006035372303627717,-0.9996982313846355,-0.024565141279164586,0.9999999999998168,spectrally stable (near transition),-0.9996982313846355,0.024565141279164586,-0.9996982313846355,-0.024565141279164586,0.9999996930577868,0.0,1.000000306942401,0.0
fam10_case2_res_2to1,0.2660000000000001,0.2674628237854547,17.070933569042644,20.359199034256626,6.171151492092544e-14,-1.999663559600438,0.0003364403995620435,-0.9998317798000049,-0.018341540325887196,0.9999999999997858,spectrally stable (near transition),-0.9998317798000049,0.018341540325887196,-0.9998317798000049,-0.018341540325887196,0.999999923512179,0.0,1.0000000764877455,0.0
fam10_case2_res_2to1,0.27000000000000013,0.2715460185553805,17.076701324049225,20.359265689698752,1.1422483467939444e-13,-1.999855807513593,0.0001441924864069577,-0.9999279037566788,-0.012007801153353965,0.9999999999998822,spectrally stable (near transition),-0.9999279037566788,0.012007801153353965,-0.9999279037566788,-0.012007801153353965,0.9999997151557514,0.0,1.0000002848442993,0.0
fam10_case2_res_2to1,0.27400000000000013,0.27563255803164016,17.082568640628082,20.359333343720476,4.114853145868044e-14,-1.9999690503901595,3.094960984051376e-05,-0.9999845251948316,-0.005563215829971502,0.9999999999997518,spectrally stable (near transition),-0.9999845251948316,0.005563215829971502,-0.9999845251948316,-0.005563215829971502,0.9999998727288301,0.0,1.000000127271061,0.0
fam10_case2_res_2to1,0.27800000000000014,0.27972253199149866,17.088536198094317,20.359401996901646,7.111159113661697e-14,-1.999999023361607,9.76638393046514e-07,-0.9999995116806502,0.0009882500466582111,0.9999999999998467,spectrally stable (near transition),0.999999999999967,2.7449946672529303e-07,0.999999999999967,-2.7449946672529303e-07,-0.9999995116806502,0.0009882500466582111,-0.9999995116806502,-0.0009882500466582111
fam10_case2_res_2to1,0.28200000000000014,0.2838160316004112,17.094604691915297,20.35947164985502,9.606949857463586e-14,-1.9999413505486556,5.8649451344372494e-05,-0.9999706752742002,-0.0076582368339413245,0.9999999999998723,spectrally stable (near transition),-0.9999706752742002,0.0076582368339413245,-0.9999706752742002,-0.0076582368339413245,0.9999998455381016,0.0,1.0000001544620984,0.0
fam10_case2_res_2to1,0.28600000000000014,0.2879131494242209,17.100774834021642,20.359542303226945,1.8650724537925258e-14,-1.9997915427587118,0.00020845724128815135,-0.9998957713792291,-0.014437672169801475,0.9999999999998731,spectrally stable (near transition),-0.9998957713792291,0.014437672169801475,-0.9998957713792291,-0.014437672169801475,0.9999997805509873,0.0,1.0000002194492288,0.0
fam10_case2_res_2to1,0.29000000000000015,0.29201397944298585,17.107047353147507,20.359613957698127,2.030503958323619e-14,-1.9995449951414868,0.00045500485851324157,-0.9997724975705544,-0.021329629653552843,0.9999999999998109,spectrally stable (near transition),-0.9997724975705544,0.021329629653552843,-0.9997724975705544,-0.021329629653552843,0.9999999999999344,2.232322364235327e-07,0.9999999999999344,-2.232322364235327e-07
fam10_case2_res_2to1,0.29400000000000015,0.29611861706618287,17.11342299517189,20.35968661398432,5.247153317530307e-14,-1.999196984802758,0.0008030151972420185,-0.999598492401176,-0.02833467820339453,0.9999999999997969,spectrally stable (near transition),-0.999598492401176,0.02833467820339453,-0.999598492401176,-0.02833467820339453,0.9999997906579581,0.0,1.0000002093421028,0.0
fam10_case2_res_2to1,0.29800000000000015,0.30022715914784004,17.11990252345729,20.35976027283706,7.66342177098479e-14,-1.9987426683777045,0.0012573316222954656,-0.9993713341886645,-0.035453298881668496,0.9999999999998122,spectrally stable (near transition),-0.9993713341886645,0.035453298881668496,-0.9993713341886645,-0.035453298881668496,0.9999997986399609,0.0,1.00000020136008,0.0
fam10_case2_res_2to1,0.30200000000000016,0.3043397040034353,17.126486719226477,20.359834935044436,5.979915144873909e-14,-1.9981770795622689,0.0018229204377311348,-0.9990885397809648,-0.0426859423932511,0.9999999999998301,spectrally stable (near transition),-0.9990885397809648,0.0426859423932511,-0.9990885397809648,-0.0426859423932511,0.9999999999999871,2.2655806302206272e-07,0.9999999999999871,-2.2655806302206272e-07
fam10_case2_res_2to1,0.30600000000000016,0.30845635142801836,17.133176381936835,20.359910601431796,1.7518948593478393e-14,-1.9974951266042273,0.0025048733957726554,-0.9987475633019514,-0.050033037066418956,0.9999999999998375,spectrally stable (near transition),-0.9987475633019514,0.050033037066418956,-0.9987475633019514,-0.050033037066418956,0.999999907858717,0.0,1.0000000921414434,0.0
fam10_case2_res_2to1,0.31000000000000016,0.31257720271491224,17.139972329659695,20.359987272862565,9.429958781174364e-14,-1.9966915897550384,0.003308410244961646,-0.9983457948773581,-0.057494989784965256,0.9999999999998386,spectrally stable (near transition),-0.9983457948773581,0.057494989784965256,-0.9983457948773581,-0.057494989784965256,0.9999998170450594,0.0,1.0000001829552625,0.0
fam10_case2_res_2to1,0.31400000000000017,0.31670236067564944,17.146875399491936,20.360064950238947,1.0058486770259977e-13,-1.9957611186806292,0.00423888131937078,-0.9978805593400748,-0.06507218523039594,0.9999999999997597,spectrally stable (near transition),-0.9978805593400748,0.06507218523039594,-0.9978805593400748,-0.06507218523039594,0.9999999999998692,3.421599805235431e-07,0.9999999999998692,-3.421599805235431e-07
fam10_case2_res_2to1,0.31800000000000017,0.3208319296614526,17.153886447973235,20.36014363450279,3.1393603955819416e-14,-1.9946982298336797,0.005301770166320274,-0.9973491149166442,-0.07276498453647853,0.9999999999998038,spectrally stable (near transition),-0.9973491149166442,0.07276498453647853,-0.9973491149166442,-0.07276498453647853,1.0000000000000973,1.755411395510532e-07,1.0000000000000973,-1.755411395510532e-07
fam10_case2_res_2to1,0.3220000000000002,0.3249660155860607,17.16100635150667,20.360223326636326,1.4223487797151196e-13,-1.9934973037886592,0.006502696211340808,-0.9967486518941999,-0.08057372367487418,0.9999999999998699,spectrally stable (near transition),-0.9967486518941999,0.08057372367487418,-0.9967486518941999,-0.08057372367487418,0.9999999999999969,3.1742293634146985e-07,0.9999999999999969,-3.1742293634146985e-07
fam10_case2_res_2to1,0.3260000000000002,0.32910472594908396,17.16823600681661,20.36030402766302,4.682458061474957e-14,-1.992152582537329,0.007847417462671036,-0.996076291268402,-0.0884987116994282,0.9999999999997364,spectrally stable (near transition),-0.996076291268402,0.0884987116994282,-0.996076291268402,-0.0884987116994282,0.9999999999999485,1.6582919060817116e-07,0.9999999999999485,-1.6582919060817116e-07
fam10_case2_res_2to1,0.3300000000000002,0.33324816986207967,17.175576331404653,20.3603857386484,3.2654201190484507e-14,-1.990658166748946,0.009341833251053977,-0.9953290833742753,-0.09654022886303704,0.9999999999998013,spectrally stable (near transition),-0.9953290833742753,0.09654022886303704,-0.9953290833742753,-0.09654022886303704,0.9999996734116696,0.0,1.0000003265883932,0.0
fam10_case2_res_2to1,0.3340000000000002,0.33739645807485946,17.183028264024724,20.360468460700908,1.5632905250871778e-14,-1.9890080129954821,0.010991987004517867,-0.9945040064975053,-0.1046985246311322,0.9999999999997629,spectrally stable,-0.9945040064975053,0.1046985246311322,-0.9945040064975053,-0.1046985246311322,0.9999999999999208,2.943159566683654e-07,0.9999999999999208,-2.943159566683654e-07
fam10_case2_res_2to1,0.3380000000000002,0.34154970300416276,17.190592765194335,20.360552194972758,7.541121003519404e-14,-1.9871959309382898,0.012804069061710166,-0.9935979654690302,-0.11297381561925325,0.9999999999998846,spectrally stable,-0.9935979654690302,0.11297381561925325,-0.9935979654690302,-0.11297381561925325,1.0000000000000449,1.5500960587199538e-07,1.0000000000000449,-1.5500960587199538e-07
fam10_case2_res_2to1,0.3420000000000002,0.34570801876320917,17.198270817690958,20.360636942660875,6.04267882490855e-14,-1.9852155804875056,0.014784419512494429,-0.9926077902435901,-0.12136628340444976,0.9999999999998361,spectrally stable,-0.9926077902435901,0.12136628340444976,-0.9926077902435901,-0.12136628340444976,1.0000000000000022,1.586342968732489e-07,1.0000000000000022,-1.586342968732489e-07
fam10_case2_res_2to1_ultra,0.2580000000000001,0.25930733683408835,17.059694105418874,20.35906871695208,6.341275494886294e-14,-1.9990585666088747,0.0009414333911252903,-0.9995292833042397,-0.030679175623172874,0.9999999999998023,spectrally stable (near transition),-0.9995292833042397,0.030679175623172874,-0.9995292833042397,-0.030679175623172874,0.9999998558768556,0.0,1.000000144123304,0.0
fam10_case2_res_2to1_ultra,0.25880000000000014,0.26012224374726106,17.060800397376248,20.359081569153556,4.041849304631201e-11,-1.9991316189344475,0.000868381065552537,-0.999565809467055,-0.02946510723098904,0.9999999999998312,spectrally stable (near transition),-0.999565809467055,0.02946510723098904,-0.999565809467055,-0.02946510723098904,0.9999979309127326,0.0,1.0000020690914002,0.0
fam10_case2_res_2to1_ultra,0.25960000000000016,0.26093727372030834,17.06191059895989,20.359094461239817,4.0928505099076984e-11,-1.9992019661889295,0.0007980338110704643,-0.9996009830942734,-0.02824667407995765,0.9999999999998085,spectrally stable (near transition),-0.9996009830942734,0.02824667407995765,-0.9996009830942734,-0.02824667407995765,0.9999978857332146,0.0,1.0000021142712903,0.0
fam10_case2_res_2to1_ultra,0.2604000000000002,0.26175242746396604,17.063024715244953,20.359107393214806,4.143188298842195e-11,-1.9992695769809652,0.0007304230190348093,-0.9996347884903097,-0.02702387166169856,0.9999999999998271,spectrally stable (near transition),-0.9996347884903097,0.02702387166169856,-0.9996347884903097,-0.02702387166169856,0.9999978523858049,0.0,1.0000021476186955,0.0
fam10_case2_res_2to1_ultra,0.2612000000000002,0.26256770566607474,17.064142751294977,20.35912036508243,4.183988172406923e-11,-1.9993344197508585,0.0006655802491415397,-0.9996672098752344,-0.025796695522376557,0.999999999999805,spectrally stable (near transition),-0.9996672098752344,0.025796695522376557,-0.9996672098752344,-0.025796695522376557,0.9999977967379268,0.0,1.0000022032668239,0.0
fam10_case2_res_2to1_ultra,0.26200000000000023,0.26338310901669426,17.065264712191457,20.359133376846597,4.2387708861886866e-11,-1.9993964627730472,0.0006035372269528327,-0.9996982313863465,-0.024565141209779658,0.9999999999998228,spectrally stable (near transition),-0.9996982313863465,0.024565141209779658,-0.9996982313863465,-0.024565141209779658,0.9999977684492768,0.0,1.0000022315561272,0.0
fam10_case2_res_2to1_ultra,0.26280000000000026,0.2641986382080455,17.066390603046663,20.3591464285113,4.287066788025925e-11,-1.9994556741559464,0.000544325844053617,-0.9997278370778064,-0.02332920425984075,0.9999999999998332,spectrally stable (near transition),-0.9997278370778064,0.02332920425984075,-0.9997278370778064,-0.02332920425984075,0.999997739020999,0.0,1.0000022609841348,0.0
fam10_case2_res_2to1_ultra,0.2636000000000003,0.26501447557741464,17.067520428993227,20.359159520080567,4.3469713676361336e-11,-1.9995120218409073,0.000487978159092739,-0.9997560109202785,-0.02208888019845267,0.9999999999998248,spectrally stable (near transition),-0.9997560109202785,0.02208888019845267,-0.9997560109202785,-0.02208888019845267,0.9999977187529983,0.0,1.0000022812521308,0.0
fam10_case2_res_2to1_ultra,0.2644000000000003,0.2658304625746326,17.068654195192845,20.35917265155847,4.394074417373412e-11,-1.999565473601763,0.0004345263982370451,-0.9997827368006745,-0.020844164529654104,0.999999999999793,spectrally stable (near transition),-0.9997827368006745,0.020844164529654104,-0.9997827368006745,-0.020844164529654104,0.9999976727335712,0.0,1.0000023272717948,0.0
fam10_case2_res_2to1_ultra,0.2652000000000003,0.2666465784205465,17.06979190682632,20.359185822949154,4.4458916787101465e-11,-1.9996159970438132,0.0003840029561867908,-0.9998079985217385,-0.019595052733252127,0.9999999999998318,spectrally stable (near transition),-0.9998079985217385,0.019595052733252127,-0.9998079985217385,-0.019595052733252127,0.9999976302531409,0.0,1.000002369752556,0.0
fam10_case2_res_2to1_ultra,0.26600000000000035,0.2674628238135683,17.07093356910052,20.359199034256775,4.501903176842863e-11,-1.9996635596033636,0.0003364403966363838,-0.999831779801567,-0.01834154024615294,0.9999999999998852,spectrally stable (near transition),-0.999831779801567,0.01834154024615294,-0.999831779801567,-0.01834154024615294,0.9999975962255564,0.0,1.000002403780462,0.0
fam10_case2_res_2to1_ultra,0.26680000000000037,0.2682791994543834,17.072079187248757,20.35921228548558,4.5446737747521917e-11,-1.9997081285470677,0.0002918714529323019,-0.9998540642734153,-0.017083622440693166,0.9999999999998814,spectrally stable (near transition),-0.9998540642734153,0.017083622440693166,-0.9998540642734153,-0.017083622440693166,0.9999975724451329,0.0,1.0000024275609674,0.0
fam10_case2_res_2to1_ultra,0.2676000000000004,0.26909570604593713,17.07322876653151,20.35922557663984,4.599767132568841e-11,-1.9997496709711897,0.0002503290288102811,-0.9998748354854912,-0.015821294594767624,0.9999999999998962,spectrally stable (near transition),-0.9998748354854912,0.015821294594767624,-0.9998748354854912,-0.015821294594767624,0.9999975154330303,0.0,1.000002484573141,0.0
fam10_case2_res_2to1_ultra,0.2684000000000004,0.269912344293108,17.074382312227048,20.35923890772389,4.654433908962958e-11,-1.9997881538006288,0.00021184619937120175,-0.9998940769001171,-0.014554551853909503,0.9999999999998027,spectrally stable (near transition),-0.9998940769001171,0.014554551853909503,-0.9998940769001171,-0.014554551853909503,0.9999974759906557,0.0,1.0000025240156878,0.0
fam10_case2_res_2to1_ultra,0.26920000000000044,0.2707291149030877,17.075539829642203,20.359252278742098,4.7153341372882076e-11,-1.9998235437885574,0.00017645621144257717,-0.9999117718940991,-0.013283389147497956,0.9999999999998203,spectrally stable (near transition),-0.9999117718940991,0.013283389147497956,-0.9999117718940991,-0.013283389147497956,0.999997463926689,0.0,1.0000025360799156,0.0
fam10_case2_res_2to1_ultra,0.27000000000000046,0.2715460185854087,17.076701324115785,20.359265689698912,4.7695074840498156e-11,-1.9998558075157469,0.00014419248425312503,-0.9999279037577282,-0.012007801063681942,0.9999999999998548,spectrally stable (near transition),-0.9999279037577282,0.012007801063681942,-0.9999279037577282,-0.012007801063681942,0.9999974066309648,0.0,1.0000025933756793,0.0
fam10_case2_res_2to1_ultra,0.2708000000000005,0.2723630560515159,17.077866800999043,20.3592791405988,4.827904245919486e-11,-1.9998849113893837,0.00011508861061626519,-0.9999424556946007,-0.01072778165648124,0.9999999999999089,spectrally stable (near transition),-0.9999424556946007,0.01072778165648124,-0.9999424556946007,-0.01072778165648124,0.9999973739485876,0.0,1.0000026260586516,0.0
fam10_case2_res_2to1_ultra,0.2716000000000005,0.2731802280152047,17.07903626567926,20.359292631446312,4.874493009003525e-11,-1.9999108216429138,8.917835708621702e-05,-0.9999554108213304,-0.009443324038256427,0.9999999999998735,spectrally stable (near transition),-0.9999554108213304,0.009443324038256427,-0.9999554108213304,-0.009443324038256427,0.9999973311533249,0.0,1.000002668853681,0.0
fam10_case2_res_2to1_ultra,0.27240000000000053,0.2739975351926696,17.080209723562977,20.35930616224602,4.938506058707118e-11,-1.999933504334948,6.649566505201321e-05,-0.9999667521672645,-0.008154419638064549,0.9999999999997905,spectrally stable (near transition),-0.9999667521672645,0.008154419638064549,-0.9999667521672645,-0.008154419638064549,0.9999972925058154,0.0,1.000002707501347,0.0
fam10_case2_res_2to1_ultra,0.27320000000000055,0.2748149783018669,17.08138718008288,20.35931973300257,4.9955293749500364e-11,-1.9999529253486887,4.707465131126298e-05,-0.9999764626741274,-0.006861056573552879,0.9999999999997831,spectrally stable (near transition),-0.9999764626741274,0.006861056573552879,-0.9999764626741274,-0.006861056573552879,0.9999972825659746,0.0,1.0000027174411803,0.0
fam10_case2_res_2to1_ultra,0.2740000000000006,0.2756325580634132,17.082568640704515,20.35933334372065,5.0570998122658684e-11,-1.999969050391281,3.094960871896646e-05,-0.999984525195456,-0.0055632157291856015,0.9999999999998155,spectrally stable (near transition),-0.999984525195456,0.0055632157291856015,-0.999984525195456,-0.0055632157291856015,0.9999972272679613,0.0,1.0000027727396879,0.0
fam10_case2_res_2to1_ultra,0.2748000000000006,0.27645027519988025,17.083754110909375,20.359346994405,5.115153412027887e-11,-1.9999818449928604,1.815500713964191e-05,-0.9999909224962098,0.004260859624372407,0.9999999999997796,spectrally stable (near transition),0.9999971840153371,0.0,1.000002815992689,0.0,-0.9999909224962098,0.004260859624372407,-0.9999909224962098,-0.004260859624372407
fam10_case2_res_2to1_ultra,0.2756000000000006,0.27726813043615367,17.08494359620837,20.359360685060423,5.183803820103428e-11,-1.9999912745060158,8.725493984229615e-06,-0.9999956372527865,0.0029538914927021323,0.9999999999997786,spectrally stable (near transition),0.9999971498501531,0.0,1.0000028501580125,0.0,-0.9999956372527865,0.0029538914927021323,-0.9999956372527865,-0.0029538914927021323
fam10_case2_res_2to1_ultra,0.27640000000000065,0.2780861244991568,17.08613710214203,20.359374415691757,5.230986722430628e-11,-1.9999973041050114,2.6958949885802497e-06,-0.9999986520523617,0.0016419175288294673,0.9999999999998559,spectrally stable (near transition),0.9999970943188397,0.0,1.000002905689958,0.0,-0.9999986520523617,0.0016419175288294673,-0.9999986520523617,-0.0016419175288294673
fam10_case2_res_2to1_ultra,0.27720000000000067,0.27890425811836933,17.0873346342693,20.35938818630391,5.294271028824433e-11,-1.9999998987850092,1.0121499083304286e-07,-0.999999949392291,0.00031814303104662356,0.9999999999997863,spectrally stable (near transition),0.9999970671096203,0.0,1.0000029328990439,0.0,-0.999999949392291,0.00031814303104662356,-0.999999949392291,-0.00031814303104662356
fam10_case2_res_2to1_ultra,0.2780000000000007,0.27972253202533975,17.088536198183185,20.359401996901838,5.354063258533295e-11,-1.999999023361386,9.766386139808958e-07,-0.9999995116804912,0.0009882501583386729,0.9999999999997982,spectrally stable (near transition),0.9999970281229745,0.0,1.0000029718858545,0.0,-0.9999995116804912,0.0009882501583386729,-0.9999995116804912,-0.0009882501583386729
fam10_case2_res_2to1_ultra,0.2788000000000007,0.28054094695379683,17.089741799499233,20.359415847490546,5.418985604234537e-11,-1.9999946424689552,5.357531044802855e-06,-0.9999973212343145,0.0023146325559352575,0.9999999999998369,spectrally stable (near transition),0.9999969832830629,0.0,1.0000030167261165,0.0,-0.9999973212343145,0.0023146325559352575,-0.9999973212343145,-0.0023146325559352575
fam10_case2_res_2to1_ultra,0.27960000000000074,0.28135950363967804,17.09095144385793,20.359429738075093,5.474216724104983e-11,-1.9999867205612505,1.3279438749513872e-05,-0.9999933602803976,0.0036440903753425517,0.9999999999997724,spectrally stable (near transition),0.9999969385325663,0.0,1.000003061476778,0.0,-0.9999933602803976,0.0036440903753425517,-0.9999933602803976,-0.0036440903753425517
fam10_case2_res_2to1_ultra,0.28040000000000076,0.28217820282139294,17.092165136928628,20.359443668660596,5.540178058200949e-11,-1.999975221909764,2.4778090236043937e-05,-0.9999876109547811,0.004977744142442159,0.9999999999998991,spectrally stable (near transition),0.9999969049717954,0.0,1.0000030950376755,0.0,-0.9999876109547811,0.004977744142442159,-0.9999876109547811,-0.004977744142442159
fam10_case2_res_2to1_ultra,0.2812000000000008,0.28299704523936775,17.093382884407735,20.359457639252234,5.605637415083414e-11,-1.9999601106031928,3.988939680721337e-05,-0.9999800553013642,-0.006315773825598337,0.9999999999997677,spectrally stable (near transition),-0.9999800553013642,0.006315773825598337,-0.9999800553013642,-0.006315773825598337,0.9999968538110005,0.0,1.0000031461987293,0.0
fam10_case2_res_2to1_ultra,0.2820000000000008,0.28381603163637936,17.094604692014844,20.359471649855223,5.667551234753832e-11,-1.9999413505467345,5.8649453265502416e-05,-0.9999706752731281,-0.007658236959364545,0.9999999999997607,spectrally stable (near transition),-0.9999706752731281,0.007658236959364545,-0.9999706752731281,-0.007658236959364545,0.9999968175658466,0.0,1.0000031824443294,0.0
fam10_case2_res_2to1_ultra,0.28280000000000083,0.2846351627574908,17.09583056549966,20.359485700474842,5.737074689667737e-11,-1.9999189054612718,8.109453872817696e-05,-0.9999594527305103,-0.009005159334916187,0.9999999999998744,spectrally stable (near transition),-0.9999594527305103,0.009005159334916187,-0.9999594527305103,-0.009005159334916187,0.9999967802625351,0.0,1.0000032197480255,0.0
fam10_case2_res_2to1_ultra,0.28360000000000085,0.2854544393499322,17.097060510637395,20.359499791116427,5.8018048210362545e-11,-1.9998927388826557,0.00010726111734427057,-0.9999463694411205,-0.01035655546537021,0.9999999999997925,spectrally stable (near transition),-0.9999463694411205,0.01035655546537021,-0.9999463694411205,-0.01035655546537021,0.9999967436338019,0.0,1.000003256376908,0.0
fam10_case2_res_2to1_ultra,0.2844000000000009,0.2862738621632245,17.098294533232412,20.359513921785375,5.864332737374599e-11,-1.9998628141609038,0.00013718583909616555,-0.9999314070802912,-0.011712435020415085,0.9999999999998391,spectrally stable (near transition),-0.9999314070802912,0.011712435020415085,-0.9999314070802912,-0.011712435020415085,0.9999966952481946,0.0,1.0000033047627825,0.0
fam10_case2_res_2to1_ultra,0.2852000000000009,0.2870934319493911,17.09953263911277,20.359528092487114,5.928390693683388e-11,-1.9998290944595136,0.00017090554048637685,-0.9999145472296407,-0.013072805296126677,0.9999999999998839,spectrally stable (near transition),-0.9999145472296407,0.013072805296126677,-0.9999145472296407,-0.013072805296126677,0.9999966384048581,0.0,1.0000033616065445,0.0
fam10_case2_res_2to1_ultra,0.2860000000000009,0.28791314946235735,17.100774834132558,20.359542303227165,6.001554361576254e-11,-1.9997915427547253,0.0002084572452747402,-0.9998957713771481,-0.014437672307853444,0.9999999999997855,spectrally stable (near transition),-0.9998957713771481,0.014437672307853444,-0.9998957713771481,-0.014437672307853444,0.9999966112959058,0.0,1.0000033887154192,0.0
fam10_case2_res_2to1_ultra,0.28680000000000094,0.288733015458598,17.10202112418006,20.359556554011068,6.075423006724036e-11,-1.9997501218345048,0.0002498781654951543,-0.9998750609171063,-0.01580704133355278,0.9999999999998539,spectrally stable (near transition),-0.9998750609171063,0.01580704133355278,-0.9998750609171063,-0.01580704133355278,0.9999965674927792,0.0,1.0000034325189582,0.0
fam10_case2_res_2to1_ultra,0.28760000000000097,0.2895530306967425,17.103271515165023,20.35957084484444,6.146776398955074e-11,-1.9997047942981063,0.0002952057018936749,-0.9998523971488498,-0.017180917184242615,0.9999999999997965,spectrally stable (near transition),-0.9998523971488498,0.017180917184242615,-0.9998523971488498,-0.017180917184242615,0.9999965225121804,0.0,1.0000034774998967,0.0
fam10_case2_res_2to1_ultra,0.288400000000001,0.2903731959376885,17.104526013026927,20.359585175732956,6.209620007654961e-11,-1.9996555225551123,0.00034447744488774745,-0.9998277612773778,-0.018559304370314934,0.9999999999998216,spectrally stable (near transition),-0.9998277612773778,0.018559304370314934,-0.9998277612773778,-0.018559304370314934,0.9999964717429499,0.0,1.000003528269539,0.0
fam10_case2_res_2to1_ultra,0.289200000000001,0.291193511944709,17.105784623730557,20.359599546682336,6.277163325761696e-11,-1.9996022688247526,0.00039773117524743995,-0.9998011344121558,-0.019942207192920922,0.9999999999997795,spectrally stable (near transition),-0.9998011344121558,0.019942207192920922,-0.9998011344121558,-0.019942207192920922,0.9999964377140476,0.0,1.0000035622987973,0.0
fam10_case2_res_2to1_ultra,0.29000000000000103,0.29201397948352853,17.10704735327453,20.35961395769836,6.341163384361625e-11,-1.9995449951348676,0.00045500486513239125,-0.999772497567218,-0.021329629808679414,0.9999999999997841,spectrally stable (near transition),-0.999772497567218,0.021329629808679414,-0.999772497567218,-0.021329629808679414,0.9999963777945915,0.0,1.000003622218404,0.0
fam10_case2_res_2to1_ultra,0.29080000000000106,0.2928345993219083,17.108314207674738,20.35962840878687,6.425741815448354e-11,-1.9994836633217277,0.0005163366782723333,-0.9997418316606355,-0.02272157625211839,0.9999999999997716,spectrally stable (near transition),-0.9997418316606355,0.02272157625211839,-0.9997418316606355,-0.02272157625211839,0.9999963510517728,0.0,1.0000036489613902,0.0
fam10_case2_res_2to1_ultra,0.2916000000000011,0.29365537222998933,17.109585192986952,20.359642899953766,6.497990130612537e-11,-1.9994182350284238,0.0005817649715762485,-0.999709117513969,-0.024118050479991094,0.999999999999757,spectrally stable (near transition),-0.999709117513969,0.024118050479991094,-0.999709117513969,-0.024118050479991094,0.9999963050137719,0.0,1.0000036949997473,0.0
fam10_case2_res_2to1_ultra,0.2924000000000011,0.294476298980222,17.110860315289347,20.359657431204994,6.562309425821897e-11,-1.9993486717047362,0.00065132829526382,-0.999674335852221,-0.02551905637218096,0.9999999999998528,spectrally stable (near transition),-0.999674335852221,0.02551905637218096,-0.999674335852221,-0.02551905637218096,0.9999962448687331,0.0,1.000003755145575,0.0
fam10_case2_res_2to1_ultra,0.2932000000000011,0.2952973803476178,17.11213958068346,20.35967200254657,6.642295643113781e-11,-1.9992749346063075,0.0007250653936925477,-0.9996374673029407,-0.02692459774510952,0.9999999999997868,spectrally stable (near transition),-0.9996374673029407,0.02692459774510952,-0.9996374673029407,-0.02692459774510952,0.9999962151840117,0.0,1.0000037848305718,0.0
fam10_case2_res_2to1_ultra,0.29400000000000115,0.29611861710913057,17.11342299531041,20.359686613984564,6.71247470369631e-11,-1.9991969847932136,0.0008030152067863838,-0.9995984923964314,-0.02833467837174844,0.9999999999998245,spectrally stable (near transition),-0.9995984923964314,0.02833467837174844,-0.9995984923964314,-0.02833467837174844,0.9999961595559196,0.0,1.000003840458746,0.0
fam10_case2_res_2to1_ultra,0.29480000000000117,0.29694001004438597,17.114710565330334,20.359701265525107,6.788985947945433e-11,-1.9991147831300429,0.0008852168699571283,-0.9995573915648562,-0.029749301970466695,0.9999999999998347,spectrally stable (near transition),-0.9995573915648562,0.029749301970466695,-0.9995573915648562,-0.029749301970466695,0.999996107915676,0.0,1.0000038920994492,0.0
fam10_case2_res_2to1_ultra,0.2956000000000012,0.2977615599350364,17.116002296934337,20.35971595717438,6.861227912964274e-11,-1.9990282902846142,0.0009717097153858489,-0.999514145142133,-0.031168472218622296,0.9999999999998259,spectrally stable (near transition),-0.999514145142133,0.031168472218622296,-0.999514145142133,-0.031168472218622296,0.9999960691263916,0.0,1.0000039308890036,0.0
fam10_case2_res_2to1_ultra,0.2964000000000012,0.2985832675654275,17.11729819634564,20.35973068893863,6.946965591472975e-11,-1.9989374667270305,0.001062533272969457,-0.9994687333633717,-0.03259219275731488,0.9999999999998562,spectrally stable (near transition),-0.9994687333633717,0.03259219275731488,-0.9994687333633717,-0.03259219275731488,0.9999960128647034,0.0,1.0000039871512125,0.0
fam10_case2_res_2to1_ultra,0.29720000000000124,0.2994051337218564,17.118598269811432,20.35974546082416,7.018969355807418e-11,-1.9988422727294168,0.0011577272705831643,-0.9994211363645238,-0.03402046718483495,0.9999999999998153,spectrally stable (near transition),-0.9994211363645238,0.03402046718483495,-0.9994211363645238,-0.03402046718483495,0.999995971235935,0.0,1.000004028780397,0.0
fam10_case2_res_2to1_ultra,0.29800000000000126,0.3002271591933471,17.11990252361054,20.359760272837327,7.100310140780817e-11,-1.9987426683646108,0.0012573316353892139,-0.9993713341820765,-0.03545329906620938,0.9999999999997707,spectrally stable (near transition),-0.9993713341820765,0.03545329906620938,-0.9993713341820765,-0.03545329906620938,0.9999959259215414,0.0,1.0000040740949345,0.0
