family_id,member,trivial_err,stability_index,classification,mult1_re,mult1_im,mult1_abs,mult2_re,mult2_im,mult2_abs,mult3_re,mult3_im,mult3_abs,mult4_re,mult4_im,mult4_abs,nontriv_arg
1,1,5.8190032221789414e-08,-1.8529856780378506,spectrally stable,-0.9264928390189082,0.37631239581848275,0.9999999999999815,-0.9264928390189082,-0.37631239581848275,0.9999999999999815,0.9999999999999334,5.8190032221751284e-08,0.999999999999935,0.9999999999999334,-5.8190032221751284e-08,0.999999999999935,-2.755779765684891
1,2,3.474874972350694e-08,-1.8529857823813214,spectrally stable,-0.9264928911906686,0.3763122673700303,1.0000000000000084,-0.9264928911906686,-0.3763122673700303,1.0000000000000084,0.9999999999999716,3.474874972349532e-08,0.9999999999999721,0.9999999999999716,-3.474874972349532e-08,0.9999999999999721,-2.7557799043243425
1,3,6.743644430876063e-08,-1.8529859895413026,spectrally stable,-0.9264929947706515,0.3763120123526617,1.0,-0.9264929947706515,-0.3763120123526617,1.0,0.9999999999999716,6.743644430875463e-08,0.9999999999999738,0.9999999999999716,-6.743644430875463e-08,0.9999999999999738,-2.75578017957454
1,4,1.0815980333589437e-09,-1.8529863560288953,spectrally stable,-0.9264931780144318,0.37631156119987086,0.9999999999999828,-0.9264931780144318,-0.37631156119987086,0.9999999999999828,1.000000001081479,0.0,1.000000001081479,0.999999998918402,0.0,0.999999998918402,-2.7557806665212756
1,5,1.6344033904047706e-09,-1.8529870341652108,spectrally stable,-0.9264935170826116,0.37631072640027946,1.0000000000000067,-0.9264935170826116,-0.37631072640027946,1.0000000000000067,1.0000000016342836,0.0,1.0000000016342836,0.9999999983655966,0.0,0.9999999983655966,-2.7557815675526784
1,6,7.930925323124568e-10,-1.8529882697427147,spectrally stable,-0.9264941348713605,0.3763092053736877,1.0000000000000036,-0.9264941348713605,-0.3763092053736877,1.0000000000000036,0.9999999999999493,7.930925306895297e-10,0.9999999999999493,0.9999999999999493,-7.930925306895297e-10,0.9999999999999493,-2.7557832092544876
1,7,5.554136039975788e-10,-1.8529905207673707,spectrally stable,-0.9264952603836948,0.3763064342880278,1.00000000000001,-0.9264952603836948,-0.3763064342880278,1.00000000000001,1.0000000005553018,0.0,1.0000000005553018,0.9999999994445864,0.0,0.9999999994445864,-2.755786200189751
1,8,2.50625792700989e-09,-1.8529946212394788,spectrally stable,-0.9264973106197412,0.37630138641040206,1.0000000000000018,-0.9264973106197412,-0.37630138641040206,1.0000000000000018,0.9999999999999605,2.5062579266982412e-09,0.9999999999999605,0.9999999999999605,-2.5062579266982412e-09,0.9999999999999605,-2.755791648541462
1,9,5.978243261248737e-09,-1.853002089306686,spectrally stable,-0.9265010446533419,0.37629219265919367,0.9999999999999988,-0.9265010446533419,-0.37629219265919367,0.9999999999999988,0.99999999999997,5.978243261173584e-09,0.99999999999997,0.99999999999997,-5.978243261173584e-09,0.99999999999997,-2.7558015716492523
1,10,1.7016215493608653e-08,-1.853015687223,spectrally stable,-0.9265078436114847,0.37627545193164513,0.9999999999999836,-0.9265078436114847,-0.37627545193164513,0.9999999999999836,0.9999999999999849,1.7016215493601952e-08,0.999999999999985,0.9999999999999849,-1.7016215493601952e-08,0.999999999999985,-2.755819640345683
1,11,5.6034266222216476e-08,-1.853040437586702,spectrally stable,-0.9265202187933552,0.3762449789261274,1.0000000000000044,-0.9265202187933552,-0.3762449789261274,1.0000000000000044,0.9999999999999971,5.60342662222164e-08,0.9999999999999987,0.9999999999999971,-5.60342662222164e-08,0.9999999999999987,-2.7558525303014703
1,12,1.9117966205955358e-07,-1.8530854643798382,spectrally stable,-0.9265427321899093,0.37618953391347415,0.9999999999999895,-0.9265427321899093,-0.37618953391347415,0.9999999999999895,0.9999999999999825,1.9117966205955278e-07,1.0000000000000007,0.9999999999999825,-1.9117966205955278e-07,1.0000000000000007,-2.7559123717791727
1,13,8.615806418636643e-09,-1.853167317516177,spectrally stable,-0.9265836587580982,0.37608871735599475,1.0000000000000104,-0.9265836587580982,-0.37608871735599475,1.0000000000000104,1.0000000000000309,8.615806418581362e-09,1.0000000000000309,1.0000000000000309,-8.615806418581362e-09,1.0000000000000309,-2.756021178774616
1,14,1.2136387870694374e-08,-1.8533159577080927,spectrally stable,-0.9266579788540396,0.37590556024902283,0.9999999999999927,-0.9266579788540396,-0.37590556024902283,0.9999999999999927,0.999999999999998,1.213638787069421e-08,0.999999999999998,0.999999999999998,-1.213638787069421e-08,0.999999999999998,-2.7562188401077647
1,15,1.5202723882847676e-08,-1.8535854424674656,spectrally stable,-0.9267927212337226,0.3755732310324701,0.9999999999999889,-0.9267927212337226,-0.3755732310324701,0.9999999999999889,0.9999999999999916,1.5202723882845336e-08,0.9999999999999917,0.9999999999999916,-1.5202723882845336e-08,0.9999999999999917,-2.7565774460453
1,16,2.5247518165537542e-08,-1.8540728157739115,spectrally stable,-0.9270364078869603,0.37497133017345613,1.0000000000000049,-0.9270364078869603,-0.37497133017345613,1.0000000000000049,0.9999999999999885,2.5247518165534902e-08,0.9999999999999888,0.9999999999999885,-2.5247518165534902e-08,0.9999999999999888,-2.75722680560969
1,17,1.2398384796608042e-07,-1.8549508705053483,spectrally stable,-0.9274754352526726,0.37388409568054903,0.9999999999999982,-0.9274754352526726,-0.37388409568054903,0.9999999999999982,0.999999876016152,0.0,0.999999876016152,1.0000001239838363,0.0,1.0000001239838363,-2.7583993345124993
1,18,1.0780432904983811e-08,-1.8565231496750956,spectrally stable,-0.9282615748375374,0.3719280154547553,0.9999999999999888,-0.9282615748375374,-0.3719280154547553,0.9999999999999888,0.9999999999999809,1.0780432904966899e-08,0.9999999999999809,0.9999999999999809,-1.0780432904966899e-08,0.9999999999999809,-2.760507477520597
1,19,2.8460358958426468e-08,-1.8593107973895473,spectrally stable,-0.9296553986947469,0.36843023719240736,0.9999999999999711,-0.9296553986947469,-0.36843023719240736,0.9999999999999711,0.9999999715396558,0.0,0.9999999715396558,1.000000028460359,0.0,1.000000028460359,-2.7642727417167623
1,20,6.72481730301655e-08,-1.8641731304880254,spectrally stable,-0.9320865652440051,0.3622356068798551,0.999999999999992,-0.9320865652440051,-0.3622356068798551,0.999999999999992,0.9999999327518964,0.0,0.9999999327518964,1.000000067248173,0.0,1.000000067248173,-2.7709273776138814
1,21,2.256484079588006e-07,-1.872424181728196,spectrally stable,-0.9362120908640719,0.35143551459672817,0.9999999999999721,-0.9362120908640719,-0.35143551459672817,0.9999999999999721,0.9999997743517652,0.0,0.9999997743517652,1.000000225648408,0.0,1.000000225648408,-2.7824886683629977
1,22,5.724809986062951e-07,-1.8857803458620057,spectrally stable,-0.9428901729309846,0.33310377030309807,0.9999999999999806,-0.9428901729309846,-0.33310377030309807,0.9999999999999806,0.9999994275193889,0.0,0.9999994275193889,1.0000005724809986,0.0,1.0000005724809986,-2.8019992220215695
2,1,2.59099888787642e-09,-0.3747981092640307,spectrally stable,-0.18739905463199247,0.982283866467729,0.9999999999998779,-0.18739905463199247,-0.982283866467729,0.9999999999998779,0.9999999999999891,2.5909988878535756e-09,0.9999999999999891,0.9999999999999891,-2.5909988878535756e-09,0.9999999999999891,-1.759309945978829
2,2,3.330253328357668e-08,-0.37479823012026875,spectrally stable,-0.1873991150601166,0.9822838549393426,0.9999999999999051,-0.1873991150601166,-0.9822838549393426,0.9999999999999051,1.000000000000003,3.330253328357654e-08,1.0000000000000036,1.000000000000003,-3.330253328357654e-08,1.0000000000000036,-1.759310007496809
2,3,9.895531013067521e-10,-0.37479847359881036,spectrally stable,-0.18739923679938486,0.9822838317140272,0.9999999999998916,-0.18739923679938486,-0.9822838317140272,0.9999999999998916,1.0000000000000284,9.895531008985912e-10,1.0000000000000284,1.0000000000000284,-9.895531008985912e-10,1.0000000000000284,-1.7593101314317303
2,4,4.757589819939265e-09,-0.3747989021499739,spectrally stable,-0.1873994510749658,0.9822837908346934,0.9999999999998871,-0.1873994510749658,-0.9822837908346934,0.9999999999998871,0.9999999999999578,4.75758981975221e-09,0.9999999999999578,0.9999999999999578,-4.75758981975221e-09,0.9999999999999578,-1.7593103495719251
2,5,4.195317845793222e-09,-0.3747996832402207,spectrally stable,-0.18739984162008655,0.9822837163266591,0.999999999999873,-0.18739984162008655,-0.9822837163266591,0.999999999999873,0.9999999999999878,4.195317845775447e-09,0.9999999999999878,0.9999999999999878,-4.195317845775447e-09,0.9999999999999878,-1.7593107471608314
2,6,6.260233886834499e-09,-0.374801106699132,spectrally stable,-0.18740055334955041,0.9822835805428675,0.9999999999999168,-0.18740055334955041,-0.9822835805428675,0.9999999999999168,0.9999999937397738,0.0,0.9999999937397738,1.0000000062602339,0.0,1.0000000062602339,-1.7593114717269553
2,7,5.653925078355487e-09,-0.3748037008937515,spectrally stable,-0.18740185044685848,0.9822833330810968,0.9999999999999079,-0.18740185044685848,-0.9822833330810968,0.9999999999999079,1.0000000000000022,5.653925078355051e-09,1.0000000000000022,1.0000000000000022,-5.653925078355051e-09,1.0000000000000022,-1.759312792218816
2,8,1.1153672578038158e-08,-0.3748084298627328,spectrally stable,-0.18740421493134307,0.9822828819773448,0.9999999999998757,-0.18740421493134307,-0.9822828819773448,0.9999999999998757,1.0000000000000009,1.1153672578038123e-08,1.0000000000000009,1.0000000000000009,-1.1153672578038123e-08,1.0000000000000009,-1.7593151993501945
2,9,3.8019064448364574e-08,-0.37481705346927274,spectrally stable,-0.18740852673461564,0.9822820593429057,0.9999999999998894,-0.18740852673461564,-0.9822820593429057,0.9999999999998894,0.9999999999999801,3.801906444835938e-08,0.9999999999999808,0.9999999999999801,-3.801906444835938e-08,0.9999999999999808,-1.7593195889259008
2,10,1.2952907322243188e-07,-0.37483279114509116,spectrally stable,-0.18741639557251932,0.9822805580231774,0.9999999999998599,-0.18741639557251932,-0.9822805580231774,0.9999999999998599,0.9999999999999816,1.2952907322243058e-07,0.9999999999999899,0.9999999999999816,-1.2952907322243058e-07,0.9999999999999899,-1.75932759970432
2,11,1.8631589604467536e-09,-0.37486155914309605,spectrally stable,-0.1874307795715271,0.9822778134870941,0.9999999999998884,-0.1874307795715271,-0.9822778134870941,0.9999999999998884,1.000000001863159,0.0,1.000000001863159,0.99999999813688,0.0,0.99999999813688,-1.7593422431979528
2,12,1.3994594150190665e-08,-0.37491429108246066,spectrally stable,-0.18745714554120269,0.9822727821665678,0.9999999999998526,-0.18745714554120269,-0.9822727821665678,0.9999999999998526,0.999999986005433,0.0,0.999999986005433,1.0000000139945942,0.0,1.0000000139945942,-1.759369084929328
2,13,6.664351959173587e-09,-0.375011468688915,spectrally stable,-0.1875057343444293,0.9822635082235599,0.9999999999998496,-0.1875057343444293,-0.9822635082235599,0.9999999999998496,0.9999999933356751,0.0,0.9999999933356751,1.000000006664352,0.0,1.000000006664352,-1.7594185508551599
2,14,2.381898209789436e-08,-0.37519228503086083,spectrally stable,-0.18759614251540419,0.9822462457617542,0.9999999999998601,-0.18759614251540419,-0.9822462457617542,0.9999999999998601,1.0000000000000036,2.3818982097894096e-08,1.0000000000000038,1.0000000000000036,-2.3818982097894096e-08,1.0000000000000038,-1.7595105923130612
2,15,1.5595176319881674e-07,-0.375534444859917,spectrally stable,-0.1877672224299308,0.9822135563005908,0.9999999999998525,-0.1877672224299308,-0.9822135563005908,0.9999999999998525,0.9999999999999961,1.5595176319881672e-07,1.0000000000000082,0.9999999999999961,-1.5595176319881672e-07,1.0000000000000082,-1.759684767334526
2,16,8.73217994610248e-07,-0.37620043769030254,spectrally stable,-0.18810021884513012,0.9821498397241579,0.9999999999998874,-0.18810021884513012,-0.9821498397241579,0.9999999999998874,0.9999999999996027,8.732179946101577e-07,0.9999999999999839,0.9999999999996027,-8.732179946101577e-07,0.9999999999999839,-1.760023804818809
2,17,3.860056472595035e-08,-0.3775551267864752,spectrally stable,-0.1887775633932311,0.9820198733015773,0.9999999999999656,-0.1887775633932311,-0.9820198733015773,0.9999999999999656,0.9999999999999827,3.8600564725946467e-08,0.9999999999999833,0.9999999999999827,-3.8600564725946467e-08,0.9999999999999833,-1.7607135054253749
2,18,5.2370849434879574e-08,-0.3804872354480422,spectrally stable,-0.19024361772401072,0.9817369127801865,0.9999999999999455,-0.19024361772401072,-0.9817369127801865,0.9999999999999455,0.9999999476291506,0.0,0.9999999476291506,1.0000000523707726,0.0,1.0000000523707726,-1.762206617066091
2,19,4.903907422466039e-07,-0.38733620454814927,spectrally stable,-0.19366810227406042,0.9810671058400733,0.9999999999999267,-0.19366810227406042,-0.9810671058400733,0.9999999999999267,0.9999999999998941,4.903907422465924e-07,1.0000000000000142,0.9999999999998941,-4.903907422465924e-07,1.0000000000000142,-1.7656959935325418
2,20,6.071747654385776e-08,-0.4046479647663161,spectrally stable,-0.2023239823831373,0.9793186438296899,0.9999999999998975,-0.2023239823831373,-0.9793186438296899,0.9999999999998975,0.9999999999999936,6.071747654385743e-08,0.9999999999999953,0.9999999999999936,-6.071747654385743e-08,0.9999999999999953,-1.774526728871556
3,1,1.06567786337957e-09,-1.7686896926253084,spectrally stable,-0.8843448463126826,0.4668342241098677,1.0000000000000322,-0.8843448463126826,-0.4668342241098677,1.0000000000000322,0.999999999999893,1.0656778580053112e-09,0.999999999999893,0.999999999999893,-1.0656778580053112e-09,0.999999999999893,-2.6558850700605565
3,2,2.2639049523931476e-09,-1.7686892712354818,spectrally stable,-0.8843446356177789,0.4668346232384052,1.0000000000000429,-0.8843446356177789,-0.4668346232384052,1.0000000000000429,1.0000000022637585,0.0,1.0000000022637585,0.999999997736095,0.0,0.999999997736095,-2.6558846187336993
3,3,1.2101231128269774e-09,-1.7686885031602073,spectrally stable,-0.8843442515800718,0.4668353507364353,0.9999999999999639,-0.8843442515800718,-0.4668353507364353,0.9999999999999639,1.0000000012099663,0.0,1.0000000012099663,0.9999999987898769,0.0,0.9999999987898769,-2.6558837960926205
3,4,1.7695612752888223e-09,-1.768687103077698,spectrally stable,-0.8843435515389143,0.4668366768492887,1.0000000000000737,-0.8843435515389143,-0.4668366768492887,1.0000000000000737,0.9999999982304387,0.0,0.9999999982304387,1.0000000017694965,0.0,1.0000000017694965,-2.6558822965483824
3,5,2.494560780164079e-09,-1.7686845507823592,spectrally stable,-0.884342275391155,0.46683909428832004,0.9999999999999721,-0.884342275391155,-0.46683909428832004,0.9999999999999721,1.000000002494535,0.0,1.000000002494535,0.9999999975054392,0.0,0.9999999975054392,-2.6558795629491847
3,6,3.139893361044735e-09,-1.768679897616646,spectrally stable,-0.8843399488083069,0.46684350155237764,0.9999999999999818,-0.8843399488083069,-0.46684350155237764,0.9999999999999818,0.999999999999936,3.139893360393526e-09,0.999999999999936,0.999999999999936,-3.139893360393526e-09,0.999999999999936,-2.65587457927943
3,7,2.2769861652991406e-09,-1.7686714131913672,spectrally stable,-0.884335706595615,0.4668515374719023,0.9999999999999223,-0.884335706595615,-0.4668515374719023,0.9999999999999223,0.9999999999999055,2.2769861633389913e-09,0.9999999999999055,0.9999999999999055,-2.2769861633389913e-09,0.9999999999999055,-2.6558654923453417
3,8,5.360468001570655e-09,-1.7686559401824047,spectrally stable,-0.8843279700911952,0.46686619208759383,0.999999999999992,-0.8843279700911952,-0.46686619208759383,0.999999999999992,1.0000000000000027,5.360468001569993e-09,1.0000000000000027,1.0000000000000027,-5.360468001569993e-09,1.0000000000000027,-2.6558489209464353
3,9,1.8836778924246112e-08,-1.768627714886801,spectrally stable,-0.8843138574433771,0.46689292298509044,0.9999999999999735,-0.8843138574433771,-0.46689292298509044,0.9999999999999735,0.9999999999999185,1.8836778924069843e-08,0.9999999999999186,0.9999999999999185,-1.8836778924069843e-08,0.9999999999999186,-2.6558186933479617
3,10,6.000488738139665e-08,-1.7685762083628214,spectrally stable,-0.8842881041813937,0.466941697434742,0.9999999999999807,-0.8842881041813937,-0.466941697434742,0.9999999999999807,1.0000000000000067,6.000488738139628e-08,1.0000000000000084,1.0000000000000067,-6.000488738139628e-08,1.0000000000000084,-2.655763537410454
3,11,1.871416020956689e-07,-1.7684821668508437,spectrally stable,-0.8842410834254106,0.4670307338737255,0.9999999999999872,-0.8842410834254106,-0.4670307338737255,0.9999999999999872,0.9999999999999843,1.8714160209566825e-07,1.0000000000000018,0.9999999999999843,-1.8714160209566825e-07,1.0000000000000018,-2.6556628475948387
3,12,5.902996311276935e-07,-1.7683103267404836,spectrally stable,-0.8841551633702729,0.46719337226223195,1.000000000000035,-0.8841551633702729,-0.46719337226223195,1.000000000000035,0.9999999999998817,5.902996311276818e-07,1.0000000000000557,0.9999999999998817,-5.902996311276818e-07,1.0000000000000557,-2.6554789087425363
3,13,1.0676013181568105e-08,-1.7679959423066096,spectrally stable,-0.8839979711533132,0.46749073466416985,1.0000000000000095,-0.8839979711533132,-0.46749073466416985,1.0000000000000095,1.0000000000000275,1.06760131815326e-08,1.0000000000000275,1.0000000000000275,-1.06760131815326e-08,1.0000000000000275,-2.655142555071194
3,14,1.6670747202315143e-08,-1.767419682262442,spectrally stable,-0.8837098411311939,0.4680351660803053,0.9999999999999695,-0.8837098411311939,-0.4680351660803053,0.9999999999999695,1.0000000000000422,1.667074720226176e-08,1.0000000000000422,1.0000000000000422,-1.667074720226176e-08,1.0000000000000422,-2.654526580649226
3,15,2.1319084313274193e-08,-1.7663602133269483,spectrally stable,-0.8831801066635068,0.4690340064365386,1.000000000000037,-0.8831801066635068,-0.4690340064365386,1.000000000000037,1.000000000000038,2.1319084313240385e-08,1.0000000000000382,1.000000000000038,-2.1319084313240385e-08,1.0000000000000382,-2.6533959609962627
3,16,5.490793845035499e-08,-1.764402742495617,spectrally stable,-0.8822013712477723,0.4708723187536811,0.999999999999959,-0.8822013712477723,-0.4708723187536811,0.999999999999959,1.0000000000000107,5.490793845035395e-08,1.0000000000000122,1.0000000000000107,-5.490793845035395e-08,1.0000000000000122,-2.651313338429146
3,17,3.9659997512453307e-07,-1.7607563961114097,spectrally stable,-0.8803781980556176,0.4742723145916759,0.9999999999999009,-0.8803781980556176,-0.4742723145916759,0.9999999999999009,0.9999999999998969,3.9659997512451967e-07,0.9999999999999755,0.9999999999998969,-3.9659997512451967e-07,0.9999999999999755,-2.6474553660798454
3,18,2.5284227118328696e-08,-1.7538693246570916,spectrally stable,-0.8769346623285597,0.4806096108139399,1.0000000000000158,-0.8769346623285597,-0.4806096108139399,1.0000000000000158,1.0000000000000506,2.528422711827801e-08,1.0000000000000508,1.0000000000000506,-2.528422711827801e-08,1.0000000000000508,-2.640242912460299
3,19,3.627044228709709e-08,-1.7405496241728584,spectrally stable,-0.8702748120864021,0.49256649444304995,0.9999999999999688,-0.8702748120864021,-0.49256649444304995,0.9999999999999688,0.9999999999999942,3.627044228709663e-08,0.9999999999999949,0.9999999999999942,-3.627044228709663e-08,0.9999999999999949,-2.6265562914190324
3,20,1.788493093550992e-07,-1.7137203316410456,spectrally stable,-0.8568601658205186,0.5155488883025775,0.999999999999995,-0.8568601658205186,-0.5155488883025775,0.999999999999995,1.000000000000007,1.7884930935509908e-07,1.000000000000023,1.000000000000007,-1.7884930935509908e-07,1.000000000000023,-2.599944546741274
3,21,3.6682654402930837e-07,-1.655761606392758,spectrally stable,-0.827880803196273,0.5609040699610209,0.999999999999872,-0.827880803196273,-0.5609040699610209,0.999999999999872,1.000000366826544,0.0,1.000000366826544,0.9999996331738691,0.0,0.9999996331738691,-2.546115227913383
3,22,3.260587687565292e-07,-1.51386043894875,spectrally stable,-0.7569302194743242,0.6534957098913635,0.9999999999999328,-0.7569302194743242,-0.6534957098913635,0.9999999999999328,1.000000000000188,3.26058768756475e-07,1.0000000000002411,1.000000000000188,-3.26058768756475e-07,1.0000000000002411,-2.429399098685823
3,23,1.7741786617619937e-07,-1.0447431083156364,spectrally stable,-0.5223715541577447,0.8527179835130375,0.9999999999998592,-0.5223715541577447,-0.8527179835130375,0.9999999999998592,1.0000001774178662,0.0,1.0000001774178662,0.9999998225827355,0.0,0.9999998225827355,-2.1204260864704816
4,1,7.769720869240076e-09,-1.3297696381678668,spectrally stable,-0.664884819083857,0.7469458998827136,0.999999999999885,-0.664884819083857,-0.7469458998827136,0.999999999999885,0.9999999999998848,7.769720868385443e-09,0.9999999999998848,0.9999999999998848,-7.769720868385443e-09,0.9999999999998848,-2.2981359317233467
4,2,1.935597039182737e-09,-1.329774986100666,spectrally stable,-0.6648874930502731,0.7469435196754457,0.9999999999999098,-0.6648874930502731,-0.7469435196754457,0.9999999999999098,0.9999999999999466,1.93559703844608e-09,0.9999999999999466,0.9999999999999466,-1.93559703844608e-09,0.9999999999999466,-2.2981395115952763
4,3,1.1249407294577907e-08,-1.3297847319492375,spectrally stable,-0.6648923659745799,0.746939182041355,0.9999999999999416,-0.6648923659745799,-0.746939182041355,0.9999999999999416,1.0000000112493277,0.0,1.0000000112493277,0.9999999887505927,0.0,0.9999999887505927,-2.2981460354331658
4,4,1.0851001208678213e-08,-1.3298024919539668,spectrally stable,-0.6649012459769135,0.7469312773596629,0.9999999999998948,-0.6649012459769135,-0.7469312773596629,0.9999999999998948,1.0000000108510012,0.0,1.0000000108510012,0.9999999891490701,0.0,0.9999999891490701,-2.298157924017358
4,5,1.48566057234234e-08,-1.3298348553626997,spectrally stable,-0.6649174276813155,0.746916872460088,0.9999999999999484,-0.6649174276813155,-0.746916872460088,0.9999999999999484,0.9999999851434626,0.0,0.9999999851434626,1.0000000148566057,0.0,1.0000000148566057,-2.298179588474174
4,6,2.6210649317626178e-08,-1.3298938270647465,spectrally stable,-0.6649469135323086,0.746890622637386,0.9999999999999029,-0.6649469135323086,-0.746890622637386,0.9999999999999029,1.0000000262104918,0.0,1.0000000262104918,0.9999999737893507,0.0,0.9999999737893507,-2.298219065918378
4,7,6.352763182171373e-08,-1.3300012762542974,spectrally stable,-0.6650006381270914,0.7468427888721888,0.9999999999999137,-0.6650006381270914,-0.7468427888721888,0.9999999999999137,1.0000000635276318,0.0,1.0000000635276318,0.9999999364725389,0.0,0.9999999364725389,-2.298290999229019
4,8,1.1895536644601634e-07,-1.330197034291976,spectrally stable,-0.6650985171459245,0.7467556243444715,0.9999999999999045,-0.6650985171459245,-0.7467556243444715,0.9999999999999045,1.0000001189553664,0.0,1.0000001189553664,0.999999881044657,0.0,0.999999881044657,-2.2984220639353454
4,9,2.324792409691412e-07,-1.330553628794541,spectrally stable,-0.6652768143971736,0.746596785571206,0.9999999999998543,-0.6652768143971736,-0.746596785571206,0.9999999999998543,1.000000232479125,0.0,1.000000232479125,0.999999767520759,0.0,0.999999767520759,-2.2986608518453546
4,10,3.487165722848573e-07,-1.3312030689491605,spectrally stable,-0.6656015344745421,0.7463073075516682,0.9999999999999426,-0.6656015344745421,-0.7463073075516682,0.9999999999999426,1.0000003487165723,0.0,1.0000003487165723,0.9999996512835566,0.0,0.9999996512835566,-2.299095869839725
4,11,1.8878190677362738e-07,-1.3323854810281581,spectrally stable,-0.6661927405140714,0.7457796138849119,0.9999999999999886,-0.6661927405140714,-0.7457796138849119,0.9999999999999886,1.0000001887819068,0.0,1.0000001887819068,0.9999998112181916,0.0,0.9999998112181916,-2.2998883250245616
4,12,1.0621103065933113e-06,-1.3345372413991223,spectrally stable,-0.6672686206995262,0.7448171506011707,0.9999999999999476,-0.6672686206995262,-0.7448171506011707,0.9999999999999476,1.0000010621103066,0.0,1.0000010621103066,0.9999989378907878,0.0,0.9999989378907878,-2.3013318810878562
4,13,3.94068824238758e-08,-1.3384501276921459,spectrally stable,-0.6692250638460453,0.7430597647027956,0.9999999999999587,-0.6692250638460453,-0.7430597647027956,0.9999999999999587,1.0000000394068824,0.0,1.0000000394068824,0.9999999605933574,0.0,0.9999999605933574,-2.3039617249933726
4,14,9.66243567379621e-08,-1.345557140056596,spectrally stable,-0.672778570028262,0.7398438995562644,0.9999999999999464,-0.672778570028262,-0.7398438995562644,0.9999999999999464,1.0000000966243179,0.0,1.0000000966243179,0.9999999033756433,0.0,0.9999999033756433,-2.3087543483661395
4,15,3.947384579205959e-07,-1.3584403618055,spectrally stable,-0.6792201809027557,0.733934565104032,1.0000000000000084,-0.6792201809027557,-0.733934565104032,1.0000000000000084,1.000000394738458,0.0,1.000000394738458,0.9999996052615523,0.0,0.9999996052615523,-2.3174959197884153
4,16,3.2215896394703585e-08,-1.3817150018202526,spectrally stable,-0.6908575009100865,0.7229909497608905,0.9999999999999423,-0.6908575009100865,-0.7229909497608905,0.9999999999999423,1.0000000000000495,3.2215896394665534e-08,1.00000000000005,1.0000000000000495,-3.2215896394665534e-08,1.00000000000005,-2.333470755022042
4,17,2.509766832608108e-08,-1.4234971182319724,spectrally stable,-0.7117485591159991,0.7024343304511358,1.0000000000000182,-0.7117485591159991,-0.7024343304511358,1.0000000000000182,0.9999999999999682,2.5097668326060996e-08,0.9999999999999686,0.9999999999999682,-2.5097668326060996e-08,0.9999999999999686,-2.362780692058793
4,18,2.8333754420462043e-07,-1.4975252880874335,spectrally stable,-0.7487626440437652,0.6628382177309327,1.0000000000000648,-0.7487626440437652,-0.6628382177309327,1.0000000000000648,1.0000002833374815,0.0,1.0000002833374815,0.9999997166624558,0.0,0.9999997166624558,-2.41698967817928
4,19,4.883990362136714e-06,-1.624554245176677,spectrally stable,-0.8122771225883616,0.583271700084642,1.0000000000000284,-0.8122771225883616,-0.583271700084642,1.0000000000000284,1.0000048839903621,0.0,1.0000048839903621,0.99999511603339,0.0,0.99999511603339,-2.5188419473650656
4,20,9.089471357803802e-07,-1.8217808930799833,spectrally stable,-0.9108904465400699,0.41264826959797596,1.000000000000086,-0.9108904465400699,-0.41264826959797596,1.000000000000086,1.0000009089471358,0.0,1.0000009089471358,0.9999990910537274,0.0,0.9999990910537274,-2.716233157891854
5,1,3.664907386267619e-10,9730.72064441763,real unstable,9730.720547003273,0.0,9730.720547003273,0.00010276731262805349,0.0,0.00010276731262805349,1.0000000000001386,3.6649071243548654e-10,1.0000000000001386,1.0000000000001386,-3.6649071243548654e-10,1.0000000000001386,0.0
5,2,3.6652986735268804e-09,9730.7124041878,real unstable,9730.71224600395,0.0,9730.71224600395,0.00010276739965418864,0.0,0.00010276739965418864,1.0000000000000846,3.665298672550563e-09,1.0000000000000846,1.0000000000000846,-3.665298672550563e-09,1.0000000000000846,0.0
5,3,2.3474722110782246e-09,9730.697366926486,real unstable,9730.697117606805,0.0,9730.697117606805,0.0001027675584650341,0.0,0.0001027675584650341,0.9999999999999878,2.347472211046458e-09,0.9999999999999878,0.9999999999999878,-2.347472211046458e-09,0.9999999999999878,0.0
5,4,3.982104423982946e-09,9730.669744961833,real unstable,9730.669546559615,0.0,9730.669546559615,0.00010276785018615933,0.0,0.00010276785018615933,1.000000003982076,0.0,1.000000003982076,0.9999999960178956,0.0,0.9999999960178956,0.0
5,5,1.4967307615521008e-08,9730.61932271724,real unstable,9730.6192995883,0.0,9730.6192995883,0.00010276838270989869,0.0,0.00010276838270989869,1.0000000149673076,0.0,1.0000000149673076,0.999999985032694,0.0,0.999999985032694,0.0
5,6,5.105634193203201e-08,9730.527891705467,real unstable,9730.527728108686,0.0,9730.527728108686,0.00010276934835302849,0.0,0.00010276934835302849,1.0000000510562184,0.0,1.0000000510562184,0.9999999489436581,0.0,0.9999999489436581,0.0
5,7,1.6099827970794678e-07,9730.361046427453,real unstable,9730.36084977383,0.0,9730.36084977383,0.00010277111052616653,0.0,0.00010277111052616653,1.0000001609982232,0.0,1.0000001609982232,0.9999998390017203,0.0,0.9999998390017203,0.0
5,8,1.777755133759052e-08,9730.056852245938,real unstable,9730.056741157388,0.0,9730.056741157388,0.00010277432349552376,0.0,0.00010277432349552376,1.0000000000000573,1.7777551337498218e-08,1.0000000000000573,1.0000000000000573,-1.7777551337498218e-08,1.0000000000000573,0.0
5,9,2.5255806180043297e-08,9729.502626679165,real unstable,9729.502594604022,0.0,9729.502594604022,0.00010278017787072442,0.0,0.00010278017787072442,0.99999999999994,2.5255806179972143e-08,0.9999999999999404,0.99999999999994,-2.5255806179972143e-08,0.9999999999999404,0.0
5,10,3.244304802585418e-08,9728.492947718854,real unstable,9728.492936566077,0.0,9728.492936566077,0.00010279084498904209,0.0,0.00010279084498904209,1.000000032442601,0.0,1.000000032442601,0.999999967556952,0.0,0.999999967556952,0.0
5,11,4.3415164685361014e-08,9726.653844470991,real unstable,9726.653688274997,0.0,9726.653688274997,0.00010281028055073561,0.0,0.00010281028055073561,0.9999999999998341,4.341516468504417e-08,0.999999999999835,0.9999999999998341,-4.341516468504417e-08,0.999999999999835,0.0
5,12,8.540587892458262e-08,9723.30438236146,real unstable,9723.304354723337,0.0,9723.304354723337,0.00010284569640659252,0.0,0.00010284569640659252,1.0000000854057625,0.0,1.0000000854057625,0.9999999145941211,0.0,0.9999999145941211,0.0
5,13,3.570614837133945e-07,9717.20899034503,real unstable,9717.20881646755,0.0,9717.20881646755,0.00010291020925701054,0.0,0.00010291020925701054,1.0000003570614031,0.0,1.0000003570614031,0.9999996429385163,0.0,0.9999996429385163,0.0
5,14,5.406374916638867e-07,9706.127693970884,real unstable,9706.127554448158,0.0,9706.127554448158,0.00010302769983500969,0.0,0.00010302769983500969,1.0000005406374917,0.0,1.0000005406374917,0.9999994593626879,0.0,0.9999994593626879,0.0
5,15,1.0606834655035868e-07,9686.022947228052,real unstable,9686.022806247605,0.0,9686.022806247605,0.00010324154878705895,0.0,0.00010324154878705895,1.0000001060683466,0.0,1.0000001060683466,0.9999998939323466,0.0,0.9999998939323466,0.0
5,16,1.7907677331184008e-07,9649.68116363629,real unstable,9649.681102041419,0.0,9649.681102041419,0.00010363036806932417,0.0,0.00010363036806932417,1.000000000000021,1.7907677331183884e-07,1.000000000000037,1.000000000000021,-1.7907677331183884e-07,1.000000000000037,0.0
5,17,2.0668576350413304e-06,9584.445805085976,real unstable,9584.445764543105,0.0,9584.445764543105,0.000104335715514745,0.0,0.000104335715514745,1.000002066857635,0.0,1.000002066857635,0.999997933146909,0.0,0.999997933146909,0.0
5,18,3.7653962047259934e-07,9468.943134443323,real unstable,9468.9431375731,0.0,9468.9431375731,0.00010560840813539489,0.0,0.00010560840813539489,1.0000000000002274,3.765396204725307e-07,1.0000000000002982,1.0000000000002274,-3.765396204725307e-07,1.0000000000002982,0.0
6,1,1.3210064169440935e-09,6674.109247634076,real unstable,6674.109107201095,0.0,6674.109107201095,0.00014983273203152022,0.0,0.00014983273203152022,0.9999999999998175,1.321006404334846e-09,0.9999999999998175,0.9999999999998175,-1.321006404334846e-09,0.9999999999998175,0.0
6,2,1.002549998574409e-08,6674.10470429417,real unstable,6674.104561337251,0.0,6674.104561337251,0.00014983283402888038,0.0,0.00014983283402888038,1.0000000100255,0.0,1.0000000100255,0.9999999899748501,0.0,0.9999999899748501,0.0
6,3,3.010633031763632e-08,6674.096408368831,real unstable,6674.096276735269,0.0,6674.096276735269,0.0001498330202716291,0.0,0.0001498330202716291,0.9999999698936697,0.0,0.9999999698936697,1.0000000301059573,0.0,1.0000000301059573,0.0
6,4,9.738442163786942e-08,6674.081320648338,real unstable,6674.081181016804,0.0,6674.081181016804,0.00014983335899073114,0.0,0.00014983335899073114,0.9999999026155784,0.0,0.9999999026155784,1.000000097383267,0.0,1.000000097383267,0.0
6,5,4.782245155432463e-09,6674.0537937735835,real unstable,6674.053652484635,0.0,6674.053652484635,0.00014983397697260838,0.0,0.00014983397697260838,1.0000000047817819,0.0,1.0000000047817819,0.9999999952177548,0.0,0.9999999952177548,0.0
6,6,1.1997491614949787e-08,6674.003638858453,real unstable,6674.003489836344,0.0,6674.003489836344,0.00014983510297000705,0.0,0.00014983510297000705,0.9999999999998606,1.1997491614139426e-08,0.9999999999998606,0.9999999999998606,-1.1997491614139426e-08,0.9999999999998606,0.0
6,7,8.817537667978758e-09,6673.9122148759425,real unstable,6673.9120611875915,0.0,6673.9120611875915,0.00014983715551759944,0.0,0.00014983715551759944,1.0000000000000104,8.817537667972582e-09,1.0000000000000104,1.0000000000000104,-8.817537667972582e-09,1.0000000000000104,0.0
6,8,2.8297488685602445e-08,6673.745583137359,real unstable,6673.745415283037,0.0,6673.745415283037,0.00014984089668911076,0.0,0.00014984089668911076,0.9999999717025113,0.0,0.9999999717025113,1.0000000282973154,0.0,1.0000000282973154,0.0
6,9,1.267689875886135e-08,6673.441830611955,real unstable,6673.441662796905,0.0,6673.441662796905,0.0001498477169407856,0.0,0.0001498477169407856,0.9999999999999394,1.2676898758716419e-08,0.9999999999999394,0.9999999999999394,-1.2676898758716419e-08,0.9999999999999394,0.0
6,10,2.686217100375783e-09,6672.888151828507,real unstable,6672.887982393978,0.0,6672.887982393978,0.00014986015046334087,0.0,0.00014986015046334087,1.0000000000003153,2.686217081870913e-09,1.0000000000003153,1.0000000000003153,-2.686217081870913e-09,1.0000000000003153,0.0
6,11,7.62445653279542e-08,6671.878850517373,real unstable,6671.878698860527,0.0,6671.878698860527,0.00014988282084698145,0.0,0.00014988282084698145,0.9999999237555278,0.0,0.9999999237555278,1.0000000762445653,0.0,1.0000000762445653,0.0
6,12,5.149404791460199e-08,6670.039040373196,real unstable,6670.038865489783,0.0,6670.038865489783,0.0001499241633256323,0.0,0.0001499241633256323,0.9999999485061722,0.0,0.9999999485061722,1.000000051494048,0.0,1.000000051494048,0.0
6,13,3.7809976316527383e-07,6666.685149131745,real unstable,6666.6850189112465,0.0,6666.6850189112465,0.00014999958752066073,0.0,0.00014999958752066073,0.9999996219002368,0.0,0.9999996219002368,1.0000003780994546,0.0,1.0000003780994546,0.0
6,14,5.41418155641793e-07,6660.571805498879,real unstable,6660.571676263856,0.0,6660.571676263856,0.00015013726324752046,0.0,0.00015013726324752046,0.9999994585824786,0.0,0.9999994585824786,1.0000005414181556,0.0,1.0000005414181556,0.0
6,15,1.6754376019889605e-07,6649.430853005372,real unstable,6649.430712807744,0.0,6649.430712807744,0.00015038881442985773,0.0,0.00015038881442985773,0.9999998324562975,0.0,0.9999998324562975,1.0000001675437602,0.0,1.0000001675437602,0.0
7,1,1.128171707404503e-09,-1.0357559895836443,spectrally stable,-0.5178779947918442,0.8554544888598477,1.0000000000000422,-0.5178779947918442,-0.8554544888598477,1.0000000000000422,0.9999999999999485,1.1281717062283842e-09,0.9999999999999485,0.9999999999999485,-1.1281717062283842e-09,0.9999999999999485,-2.1151648507658924
7,2,3.014577037790702e-09,-1.0357571963465526,spectrally stable,-0.5178785981732548,0.8554541235823352,0.9999999999999584,-0.5178785981732548,-0.8554541235823352,0.9999999999999584,1.0000000000000004,3.0145770377906694e-09,1.0000000000000004,1.0000000000000004,-3.0145770377906694e-09,1.0000000000000004,-2.1151655561004143
7,3,1.163300344941831e-09,-1.0357593953848219,spectrally stable,-0.5178796976924231,0.8554534579496722,1.0000000000000235,-0.5178796976924231,-0.8554534579496722,1.0000000000000235,0.9999999988366997,0.0,0.9999999988366997,1.0000000011632557,0.0,1.0000000011632557,-2.115166841405531
7,4,3.9164350651432756e-09,-1.0357634021876745,spectrally stable,-0.5178817010938196,0.8554522451148887,0.9999999999999659,-0.5178817010938196,-0.8554522451148887,0.9999999999999659,0.9999999960835649,0.0,0.9999999960835649,1.0000000039163388,0.0,1.0000000039163388,-2.1151691833246944
7,5,3.2288224629870024e-09,-1.035770702329071,spectrally stable,-0.517885351164499,0.855450035390193,0.9999999999999295,-0.517885351164499,-0.855450035390193,0.9999999999999295,1.0,3.2288224629870024e-09,1.0,1.0,-3.2288224629870024e-09,1.0,-2.115173450161836
7,6,3.9032774790115354e-09,-1.0357840014278514,spectrally stable,-0.517892000713921,0.8554460097496007,0.9999999999999909,-0.517892000713921,-0.8554460097496007,0.9999999999999909,1.0000000039031725,0.0,1.0000000039031725,0.9999999960967225,0.0,0.9999999960967225,-2.1151812233394165
7,7,1.0300648334293783e-08,-1.035808225526762,spectrally stable,-0.5179041127634119,0.8554386769271438,1.0000000000000595,-0.5179041127634119,-0.8554386769271438,1.0000000000000595,0.9999999896994436,0.0,0.9999999896994436,1.0000000103006483,0.0,1.0000000103006483,-2.115195382153917
7,8,2.3107740831918022e-08,-1.0358523405105422,spectrally stable,-0.5179261702552811,0.8554253223775506,1.0000000000000193,-0.5179261702552811,-0.8554253223775506,1.0000000000000193,0.9999999768923453,0.0,0.9999999768923453,1.0000000231077408,0.0,1.0000000231077408,-2.115221167361739
7,9,6.246663719622347e-08,-1.0359326571345107,spectrally stable,-0.517966328567256,0.855401006821105,1.0000000000000013,-0.517966328567256,-0.855401006821105,1.0000000000000013,0.999999937533405,0.0,0.999999937533405,1.0000000624666372,0.0,1.0000000624666372,-2.115268113461751
7,10,1.8813974889120288e-07,-1.0360788279807243,spectrally stable,-0.5180394139903327,0.8553567475342899,0.9999999999999432,-0.5180394139903327,-0.8553567475342899,0.9999999999999432,0.9999998118605393,0.0,0.9999998118605393,1.000000188139749,0.0,1.000000188139749,-2.1153535556266356
7,11,5.920749411922239e-09,-1.036344705328077,spectrally stable,-0.5181723526639739,0.8552762202554404,0.9999999999998751,-0.5181723526639739,-0.8552762202554404,0.9999999999998751,1.0000000000001195,5.920749410717098e-09,1.0000000000001195,1.0000000000001195,-5.920749410717098e-09,1.0000000000001195,-2.115508981923114
7,12,1.4032622048261652e-08,-1.0368279711818356,spectrally stable,-0.5184139855909151,0.8551297793573396,0.9999999999999949,-0.5184139855909151,-0.8551297793573396,0.9999999999999949,1.0000000000000748,1.403262204806214e-08,1.0000000000000748,1.0000000000000748,-1.403262204806214e-08,1.0000000000000748,-2.115791526448012
7,13,2.058696939658518e-08,-1.0377054452935162,spectrally stable,-0.518852722646743,0.8548636453856274,0.9999999999999708,-0.518852722646743,-0.8548636453856274,0.9999999999999708,0.9999999999999295,2.0586969396464472e-08,0.9999999999999297,0.9999999999999295,-2.0586969396464472e-08,0.9999999999999297,-2.1163046711652544
7,14,5.957477400286848e-08,-1.0392962988828436,spectrally stable,-0.5196481494414045,0.854380360718841,0.9999999999999666,-0.5196481494414045,-0.854380360718841,0.9999999999999666,0.999999940425226,0.0,0.999999940425226,1.0000000595746128,0.0,1.0000000595746128,-2.1172354063141294
7,15,8.986146129430495e-07,-1.0421742109242822,spectrally stable,-0.5210871054621355,0.8535035023484506,0.9999999999999892,-0.5210871054621355,-0.8535035023484506,0.9999999999999892,0.9999991013860224,0.0,0.9999991013860224,1.000000898614613,0.0,1.000000898614613,-2.1189204807051305
7,16,2.3088873997168973e-08,-1.0473636726268956,spectrally stable,-0.5236818363134477,0.851913924240809,0.9999999999999998,-0.5236818363134477,-0.851913924240809,0.9999999999999998,0.9999999999999127,2.308887399700407e-08,0.999999999999913,0.9999999999999127,-2.308887399700407e-08,0.999999999999913,-2.121963405925332
7,17,5.874269555228295e-07,-1.0566760373289812,spectrally stable,-0.5283380186644938,0.8490341206533981,1.000000000000006,-0.5283380186644938,-0.8490341206533981,1.000000000000006,0.9999994125733629,0.0,0.9999994125733629,1.0000005874269555,0.0,1.0000005874269555,-2.127438200684511
7,18,3.12589252260409e-08,-1.0732632861023488,spectrally stable,-0.5366316430511222,0.8438166149561518,0.9999999999999027,-0.5366316430511222,-0.8438166149561518,0.9999999999999027,0.9999999687410748,0.0,0.9999999687410748,1.0000000312588226,0.0,1.0000000312588226,-2.137236534179665
7,19,3.549471683239602e-08,-1.1024692738416562,spectrally stable,-0.5512346369208101,0.8343502712043169,0.9999999999999672,-0.5512346369208101,-0.8343502712043169,0.9999999999999672,0.9999999645052832,0.0,0.9999999645052832,1.0000000354946326,0.0,1.0000000354946326,-2.1546396010912945
7,20,7.108730271099262e-09,-1.152959765565564,spectrally stable,-0.5764798827827412,0.8171113417072703,0.9999999999999293,-0.5764798827827412,-0.8171113417072703,0.9999999999999293,1.0000000071087303,0.0,1.0000000071087303,0.9999999928914127,0.0,0.9999999928914127,-2.1852104354367543
8,1,3.0465852063343846e-09,-1.9977946988519282,spectrally stable (near transition),-0.9988973494259272,0.04694768694816942,0.9999999999999631,-0.9988973494259272,-0.04694768694816942,0.9999999999999631,1.0000000030465852,0.0,1.0000000030465852,0.9999999969534811,0.0,0.9999999969534811,-3.09462770339593
8,2,2.677981170151611e-09,-1.997794537017267,spectrally stable (near transition),-0.9988972685085361,0.046949408579774636,0.9999999999999025,-0.9988972685085361,-0.046949408579774636,0.9999999999999025,1.0000000026779385,0.0,1.0000000026779385,0.9999999973220188,0.0,0.9999999973220188,-3.0946259798637987
8,3,4.075603212935984e-09,-1.9977942419669157,spectrally stable (near transition),-0.99889712098347,0.046952547225463756,1.0000000000000122,-0.99889712098347,-0.046952547225463756,1.0000000000000122,1.0000000000000469,4.075603212666692e-09,1.0000000000000469,1.0000000000000469,-4.075603212666692e-09,1.0000000000000469,-3.0946228377529783
8,4,2.322908088103759e-09,-1.9977937039600566,spectrally stable (near transition),-0.9988968519798982,0.04695826981894514,0.9999999999998697,-0.9988968519798982,-0.04695826981894514,0.9999999999998697,1.000000002322908,0.0,1.000000002322908,0.9999999976771081,0.0,0.9999999976771081,-3.0946171088404224
8,5,1.2016228381814184e-08,-1.9977927227227714,spectrally stable (near transition),-0.9988963613613417,0.04696870510226711,0.9999999999999559,-0.9988963613613417,-0.04696870510226711,0.9999999999999559,1.0000000000000853,1.2016228381511671e-08,1.0000000000000853,1.0000000000000853,-1.2016228381511671e-08,1.0000000000000853,-3.0946066620301638
8,6,6.421813747437e-09,-1.9977909324891634,spectrally stable (near transition),-0.9988954662446135,0.04698773793257107,1.0000000000000318,-0.9988954662446135,-0.04698773793257107,1.0000000000000318,1.0000000064218137,0.0,1.0000000064218137,0.9999999935782978,0.0,0.9999999935782978,-3.094587608162752
8,7,1.6281371362225627e-08,-1.9977876645622552,spectrally stable (near transition),-0.9988938322810998,0.04702246091733759,0.9999999999999722,-0.9988938322810998,-0.04702246091733759,0.9999999999999722,0.9999999837186286,0.0,0.9999999837186286,1.0000000162811176,0.0,1.0000000162811176,-3.0945528467544374
8,8,4.097091199639635e-08,-1.9977816942545563,spectrally stable (near transition),-0.9988908471272107,0.04708583147134898,0.9999999999999324,-0.9988908471272107,-0.04708583147134898,0.9999999999999324,1.0000000409708667,0.0,1.0000000409708667,0.999999959029088,0.0,0.999999959029088,-3.0944894059295627
8,9,1.6225746102271899e-07,-1.9977707721456621,spectrally stable (near transition),-0.9988853860729168,0.0472015411838591,1.0000000000000857,-0.9988853860729168,-0.0472015411838591,1.0000000000000857,1.000000162257461,0.0,1.000000162257461,0.9999998377427737,0.0,0.9999998377427737,-3.0943735674182715
8,10,5.950612669280986e-09,-1.9977507468019735,spectrally stable (near transition),-0.9988753734009701,0.04741295617275307,0.9999999999999835,-0.9988753734009701,-0.04741295617275307,0.9999999999999835,0.9999999940493873,0.0,0.9999999940493873,1.000000005950568,0.0,1.000000005950568,-3.094161915460341
8,11,2.5896256446305314e-08,-1.997713893525963,spectrally stable (near transition),-0.9988569467629198,0.047799580576966635,0.9999999999999382,-0.9988569467629198,-0.047799580576966635,0.9999999999999382,1.0000000000000109,2.589625644630303e-08,1.000000000000011,1.0000000000000109,-2.589625644630303e-08,1.000000000000011,-3.093774852193169
8,12,4.166368761104877e-08,-1.9976456398422024,spectrally stable (near transition),-0.9988228199210593,0.048507467516446814,0.9999999999999579,-0.9988228199210593,-0.048507467516446814,0.9999999999999579,1.000000041663462,0.0,1.000000041663462,0.9999999583363124,0.0,0.9999999583363124,-3.0930661430980924
8,13,5.390322627331278e-08,-1.9975178545633554,spectrally stable (near transition),-0.9987589272816655,0.04980567412607035,0.9999999999999878,-0.9987589272816655,-0.04980567412607035,0.9999999999999878,1.0000000000000449,5.390322627329412e-08,1.0000000000000462,1.0000000000000449,-5.390322627329412e-08,1.0000000000000462,-3.0917663650753187
8,14,7.467025685043262e-07,-1.9972741677240378,spectrally stable (near transition),-0.9986370838619072,0.05219171136840166,0.9999999999998882,-0.9986370838619072,-0.05219171136840166,0.9999999999998882,0.999999999999577,7.467025685042064e-07,0.9999999999998558,0.999999999999577,-7.467025685042064e-07,0.9999999999998558,-3.0893772183121713
8,15,3.001911186295558e-08,-1.9967949870714212,spectrally stable (near transition),-0.9983974935357328,0.056590148450156905,1.0000000000000222,-0.9983974935357328,-0.056590148450156905,1.0000000000000222,1.0000000300191119,0.0,1.0000000300191119,0.999999969980943,0.0,0.999999969980943,-3.084972257056748
8,16,6.89338705006648e-08,-1.9958055431158437,spectrally stable (near transition),-0.9979027715577956,0.0647306613361618,0.9999999999998734,-0.9979027715577956,-0.0647306613361618,0.9999999999998734,1.0000000689337212,0.0,1.0000000689337212,0.9999999310661295,0.0,0.9999999310661295,-3.0768167025969
8,17,9.94411717414323e-08,-1.9936094350516476,spectrally stable (near transition),-0.9968047175258663,0.07987712512517786,1.0000000000000426,-0.9968047175258663,-0.07987712512517786,1.0000000000000426,0.9999999005588283,0.0,0.9999999005588283,1.0000000994411062,0.0,1.0000000994411062,-3.0616303429185843
8,18,2.3444941810168984e-07,-1.988246734879091,spectrally stable,-0.9941233674395726,0.10825308453184598,1.0000000000000273,-0.9941233674395726,-0.10825308453184598,1.0000000000000273,0.9999997655505819,0.0,0.9999997655505819,1.000000234449416,0.0,1.000000234449416,-3.0331270147988385
8,19,1.503894765386704e-07,-1.9736328564283667,spectrally stable,-0.9868164282141396,0.16184355719829882,0.9999999999999556,-0.9868164282141396,-0.16184355719829882,0.9999999999999556,0.9999998496105235,0.0,0.9999998496105235,1.0000001503894187,0.0,1.0000001503894187,-2.9790340990941533
8,20,1.1064290239559682e-07,-1.9292321053873502,spectrally stable,-0.9646160526937038,0.2636586256614361,1.0000000000000298,-0.9646160526937038,-0.2636586256614361,1.0000000000000298,0.9999998893571584,0.0,0.9999998893571584,1.0000001106429024,0.0,1.0000001106429024,-2.8747795745842124
8,21,2.0116716681339852e-07,-1.7815396244762312,spectrally stable,-0.8907698122381056,0.4544547739932629,0.9999999999999888,-0.8907698122381056,-0.4544547739932629,0.9999999999999888,0.9999997988328332,0.0,0.9999997988328332,1.0000002011671336,0.0,1.0000002011671336,-2.669832619162068
9,1,3.3805062451579655e-09,-1.658833487499515,spectrally stable,-0.8294167437498601,0.5586303475354936,1.0000000000001237,-0.8294167437498601,-0.5586303475354936,1.0000000000001237,1.00000000000004,3.3805062449216925e-09,1.00000000000004,1.00000000000004,-3.3805062449216925e-09,1.00000000000004,-2.5488591178120914
9,2,3.782078501402763e-07,-1.658832275766461,spectrally stable,-0.8294161378832392,0.5586312470842212,1.0000000000000102,-0.8294161378832392,-0.5586312470842212,1.0000000000000102,0.9999999999998828,3.7820785014025815e-07,0.9999999999999543,0.9999999999998828,-3.7820785014025815e-07,0.9999999999999543,-2.548858033255834
9,3,1.4623786626088986e-09,-1.6588299404825375,spectrally stable,-0.8294149702413229,0.5586329807124855,1.0000000000000653,-0.8294149702413229,-0.5586329807124855,1.0000000000000653,1.0000000014623787,0.0,1.0000000014623787,0.9999999985376637,0.0,0.9999999985376637,-2.548855943075315
9,4,1.7079696545962975e-09,-1.6588257678909994,spectrally stable,-0.8294128839455079,0.558636078270295,1.00000000000001,-0.8294128839455079,-0.558636078270295,1.00000000000001,0.9999999982920303,0.0,0.9999999982920303,1.0000000017078734,0.0,1.0000000017078734,-2.5488522084408465
9,5,6.1587103195037685e-09,-1.6588181662567334,spectrally stable,-0.8294090831282881,0.5586417213421343,0.9999999999999052,-0.8294090831282881,-0.5586417213421343,0.9999999999999052,0.9999999938412897,0.0,0.9999999938412897,1.0000000061585563,0.0,1.0000000061585563,-2.548845404730732
9,6,2.1146703277352685e-09,-1.6588043193521722,spectrally stable,-0.8294021596760621,0.5586520003764653,0.9999999999999711,-0.8294021596760621,-0.5586520003764653,0.9999999999999711,1.0000000021145954,0.0,1.0000000021145954,0.9999999978853297,0.0,0.9999999978853297,-2.5488330114770226
9,7,1.4814349161027162e-08,-1.6587791004147567,spectrally stable,-0.8293895502073548,0.5586707205562012,0.9999999999999717,-0.8293895502073548,-0.5586707205562012,0.9999999999999717,0.999999999999993,1.4814349161025511e-08,0.9999999999999931,0.999999999999993,-1.4814349161025511e-08,0.9999999999999931,-2.5488104406146013
9,8,3.430904690733166e-08,-1.6587331796988019,spectrally stable,-0.8293665898494231,0.558704805457759,1.0000000000000266,-0.8293665898494231,-0.558704805457759,1.0000000000000266,0.9999999999999324,3.4309046907265044e-08,0.9999999999999329,0.9999999999999324,-3.4309046907265044e-08,0.9999999999999329,-2.5487693436737078
9,9,9.68506650736562e-08,-1.6586495858235828,spectrally stable,-0.8293247929117428,0.5587668457073823,0.9999999999999413,-0.8293247929117428,-0.5587668457073823,0.9999999999999413,0.9999999999999276,9.685066507362915e-08,0.9999999999999323,0.9999999999999276,-9.685066507362915e-08,0.9999999999999323,-2.548694537413439
9,10,2.8715249849024846e-07,-1.6584974613766459,spectrally stable,-0.829248730688369,0.55887972109555,1.0000000000000555,-0.829248730688369,-0.55887972109555,1.0000000000000555,0.9999999999999893,2.8715249849024825e-07,1.0000000000000304,0.9999999999999893,-2.8715249849024825e-07,1.0000000000000304,-2.5485584260064695
9,11,8.697574155967709e-07,-1.658220728745237,spectrally stable,-0.8291103643726604,0.5590849700089741,1.0000000000000506,-0.8291103643726604,-0.5590849700089741,1.0000000000000506,0.999999999999708,8.697574155967219e-07,1.0000000000000862,0.999999999999708,-8.697574155967219e-07,1.0000000000000862,-2.5483108934750778
9,12,1.4755644009412998e-08,-1.6577175095246715,spectrally stable,-0.8288587547623257,0.559457920360256,0.9999999999999879,-0.8288587547623257,-0.559457920360256,0.9999999999999879,1.0000000000000735,1.4755644009229958e-08,1.0000000000000735,1.0000000000000735,-1.4755644009229958e-08,1.0000000000000735,-2.5478610053068094
9,13,2.5036213857954904e-09,-1.656802740056579,spectrally stable,-0.8284013700283384,0.5601349570731057,1.0000000000000588,-0.8284013700283384,-0.5601349570731057,1.0000000000000588,1.0000000000000595,2.503621385088276e-09,1.0000000000000595,1.0000000000000595,-2.503621385088276e-09,1.0000000000000595,-2.547043949897079
9,14,2.6115467071148868e-08,-1.655139939196656,spectrally stable,-0.8275699695982658,0.5613625792827441,0.9999999999999248,-0.8275699695982658,-0.5613625792827441,0.9999999999999248,1.0000000000000107,2.6115467071146694e-08,1.0000000000000109,1.0000000000000107,-2.6115467071146694e-08,1.0000000000000109,-2.54556128898931
9,15,1.5554038024024502e-07,-1.6521157425797717,spectrally stable,-0.8260578712898842,0.5635853025763014,0.999999999999998,-0.8260578712898842,-0.5635853025763014,0.999999999999998,1.0000000000000222,1.5554038024024343e-07,1.0000000000000342,1.0000000000000222,-1.5554038024024343e-07,1.0000000000000342,-2.5428729912962846
9,16,1.257562938381705e-06,-1.6466054017429614,spectrally stable,-0.8233027008715887,0.5676025570219092,1.0000000000001312,-0.8233027008715887,-0.5676025570219092,1.0000000000001312,0.9999999999992778,1.257562938381498e-06,1.0000000000000684,0.9999999999992778,-1.257562938381498e-06,1.0000000000000684,-2.538001713821325
9,17,5.0496943901294974e-08,-1.6365222179948382,spectrally stable,-0.8182611089974677,0.5748467252253883,1.0000000000000593,-0.8182611089974677,-0.5748467252253883,1.0000000000000593,1.0000000000000535,5.049694390126662e-08,1.0000000000000546,1.0000000000000535,-5.049694390126662e-08,1.0000000000000546,-2.5291758355514458
9,18,5.6326556829623836e-08,-1.6179148444100657,spectrally stable,-0.8089574222050205,0.587867237613543,0.9999999999999848,-0.8089574222050205,-0.587867237613543,0.9999999999999848,1.00000000000002,5.6326556829620295e-08,1.0000000000000215,1.00000000000002,-5.6326556829620295e-08,1.0000000000000215,-2.5131727797106964
9,19,2.420162718287245e-06,-1.5830614145872544,spectrally stable,-0.7915307072936455,0.6111293966184801,1.000000000000023,-0.7915307072936455,-0.6111293966184801,1.000000000000023,0.9999999999970931,2.4201627182855e-06,1.0000000000000215,0.9999999999970931,-2.4201627182855e-06,1.0000000000000215,-2.484105995963791
9,20,9.346514606711764e-08,-1.5162463182839383,spectrally stable,-0.7581231591419346,0.6521113981311488,0.9999999999999544,-0.7581231591419346,-0.6521113981311488,0.9999999999999544,1.000000093465146,0.0,1.000000093465146,0.9999999065349677,0.0,0.9999999065349677,-2.4312265080623288
9,21,3.8057642792743707e-07,-1.3842335605811917,spectrally stable,-0.6921167802906365,0.7217855377051,1.0000000000000586,-0.6921167802906365,-0.7217855377051,1.0000000000000586,1.000000380576428,0.0,1.000000380576428,0.9999996194237443,0.0,0.9999996194237443,-2.3352139714607127
10,1,2.374846364006089e-08,-1.9521005747916447,spectrally stable,-0.9760502873957171,0.21754502171854506,0.9999999999998921,-0.9760502873957171,-0.21754502171854506,0.9999999999998921,0.9999999762515478,0.0,0.9999999762515478,1.0000000237484636,0.0,1.0000000237484636,-2.9222941081639595
10,2,1.3455051070148443e-08,-1.9521044898415003,spectrally stable,-0.9760522449206086,0.21753623878597866,0.999999999999855,-0.9760522449206086,-0.21753623878597866,0.999999999999855,0.9999999999999021,1.3455051069792122e-08,0.9999999999999022,0.9999999999999021,-1.3455051069792122e-08,0.9999999999999022,-2.92230310659761
10,3,2.7204374641875972e-08,-1.9521116249165513,spectrally stable,-0.9760558124581968,0.2175202311657648,0.9999999999999192,-0.9760558124581968,-0.2175202311657648,0.9999999999999192,0.9999999727956254,0.0,0.9999999727956254,1.0000000272043599,0.0,1.0000000272043599,-2.922319506939965
10,4,9.688223210654586e-09,-1.9521246273529977,spectrally stable,-0.9760623136763811,0.21749105687468745,0.9999999999998793,-0.9760623136763811,-0.21749105687468745,0.9999999999998793,1.0000000000000036,9.688223210653935e-09,1.0000000000000036,1.0000000000000036,-9.688223210653935e-09,1.0000000000000036,-2.922349396822832
10,5,1.7305395116906652e-08,-1.9521483205313297,spectrally stable,-0.976074160265503,0.21743788460537733,0.9999999999998341,-0.976074160265503,-0.21743788460537733,0.9999999999998341,0.9999999826946783,0.0,0.9999999826946783,1.0000000173053951,0.0,1.0000000173053951,-2.9224038727982538
10,6,3.43433599336862e-08,-1.9521914883426734,spectrally stable,-0.9760957441712628,0.21734097223164636,0.9999999999999243,-0.9760957441712628,-0.21734097223164636,0.9999999999999243,0.9999999656567133,0.0,0.9999999656567133,1.00000003434336,0.0,1.00000003434336,-2.922503159621036
10,7,1.3783461523445784e-07,-1.952270117729494,spectrally stable,-0.9761350588646198,0.21716433145225433,0.9999999999998697,-0.9761350588646198,-0.21716433145225433,0.9999999999998697,0.999999999999953,1.3783461523444985e-07,0.9999999999999625,0.999999999999953,-1.3783461523444985e-07,0.9999999999999625,-2.9226841226287124
10,8,4.816857168132227e-07,-1.9524132721511482,spectrally stable,-0.9762066360754827,0.21684234752926576,0.9999999999999064,-0.9762066360754827,-0.21684234752926576,0.9999999999999064,0.999999999999806,4.816857168131836e-07,0.9999999999999221,0.999999999999806,-4.816857168131836e-07,0.9999999999999221,-2.9230139664474577
10,9,2.191581782717833e-08,-1.9526736785820096,spectrally stable,-0.9763368392909215,0.21625534962918924,0.9999999999999147,-0.9763368392909215,-0.21625534962918924,0.9999999999999147,0.9999999780843429,0.0,0.9999999780843429,1.0000000219158178,0.0,1.0000000219158178,-2.9236152312999946
10,10,7.479164731982735e-08,-1.95314661727708,spectrally stable,-0.9765733086383976,0.2151849735803164,0.9999999999998542,-0.9765733086383976,-0.2151849735803164,0.9999999999998542,0.9999999252084157,0.0,0.9999999252084157,1.0000000747916473,0.0,1.0000000747916473,-2.9247114168493527
10,11,4.129441677491741e-08,-1.9540030318231731,spectrally stable,-0.97700151591143,0.21323235661232853,0.9999999999998397,-0.97700151591143,-0.21323235661232853,0.9999999999998397,0.9999999587056834,0.0,0.9999999587056834,1.0000000412944168,0.0,1.0000000412944168,-2.9267104355643903
10,12,6.62345287505417e-08,-1.955545417463429,spectrally stable,-0.9777727087315695,0.2096676657461343,0.9999999999998517,-0.9777727087315695,-0.2096676657461343,0.9999999999998517,0.9999999337655682,0.0,0.9999999337655682,1.0000000662345288,0.0,1.0000000662345288,-2.9303575952924703
10,13,1.139456831385912e-07,-1.9582947495744976,spectrally stable,-0.9791473747870889,0.2031512206392703,0.9999999999998367,-0.9791473747870889,-0.2031512206392703,0.9999999999998367,0.9999999999999529,1.1394568313858148e-07,0.9999999999999594,0.9999999999999529,-1.1394568313858148e-07,0.9999999999999594,-2.9370174697307747
10,14,1.2488074119896285e-06,-1.9630982985719616,spectrally stable,-0.9815491492858488,0.19121000898477436,0.9999999999998654,-0.9815491492858488,-0.19121000898477436,0.9999999999998654,0.9999999999993177,1.2488074119894422e-06,1.0000000000000973,0.9999999999993177,-1.2488074119894422e-06,1.0000000000000973,-2.9491979003802613
10,15,2.50267574368414e-07,-1.9711517916552452,spectrally stable,-0.9855758958275398,0.16923402011290214,0.9999999999999158,-0.9855758958275398,-0.16923402011290214,0.9999999999999158,1.000000000000015,2.5026757436841356e-07,1.0000000000000464,1.000000000000015,-2.5026757436841356e-07,1.0000000000000464,-2.9715402265635387
10,16,1.4225046518490103e-07,-1.9834216964418154,spectrally stable,-0.9917108482207724,0.12848966308992815,0.9999999999998636,-0.9917108482207724,-0.12848966308992815,0.9999999999998636,0.9999998577496101,0.0,0.9999998577496101,1.0000001422504652,0.0,1.0000001422504652,-3.0127467857255406
10,17,4.6836270249072187e-07,-1.9972905189601042,spectrally stable (near transition),-0.9986452594798829,0.052035043173023536,0.9999999999998305,-0.9986452594798829,-0.052035043173023536,0.9999999999998305,0.9999999999999213,4.683627024907153e-07,1.0000000000000309,0.9999999999999213,-4.683627024907153e-07,1.0000000000000309,-3.089534099682075
10,18,2.119398655365395e-07,-1.9911881359939745,spectrally stable (near transition),-0.9955940679967759,0.09376807436012902,0.9999999999997877,-0.9955940679967759,-0.09376807436012902,0.9999999999997877,1.0000000000000504,2.1193986553653353e-07,1.0000000000000728,1.0000000000000504,-2.1193986553653353e-07,1.0000000000000728,-3.047686624150829
