family_id,label,mode,amp,converged,closure,geom_amp,reject
1,case1_stable,1,0.002,True,3.54401446333931e-11,0.0018225003048495001,
1,case1_stable,1,0.0027,True,1.282632151313403e-11,0.0024603912301566777,
1,case1_stable,1,0.0036450000000000002,True,3.8735216551175075e-11,0.003321556993093624,
1,case1_stable,1,0.004920750000000001,True,7.742852773107187e-14,0.004484154305648561,
1,case1_stable,1,0.006643012500000002,True,1.891465261604166e-14,0.006053703561067542,
1,case1_stable,1,0.008968066875000003,True,9.246125421450834e-15,0.008172672748987626,
1,case1_stable,1,0.012106890281250005,True,2.6606670992082253e-14,0.011033421800343323,
1,case1_stable,1,0.01634430187968751,True,5.1957082232238134e-14,0.01489568701776195,
1,case1_stable,1,0.022064807537578137,True,7.83914193978862e-14,0.02011020223278789,
1,case1_stable,1,0.029787490175730486,True,6.39438512528748e-13,0.0271506168433174,
1,case1_stable,1,0.04021311173723616,True,6.088964568628591e-12,0.03665687196622175,
1,case1_stable,1,0.054287700845268815,True,5.329447956208609e-11,0.049493357981260984,
1,case1_stable,1,0.0732883961411129,True,2.058433877828029e-14,0.0668276725402094,
1,case1_stable,1,0.09893933479050243,True,5.97464376429749e-14,0.09023769880238751,
1,case1_stable,1,0.1335681019671783,True,5.0736732486887325e-14,0.12185799660908285,
1,case1_stable,1,0.18031693765569073,True,2.994999293592969e-13,0.16457450572816965,
1,case1_stable,1,0.2434278658351825,True,2.088442799007287e-11,0.22229364385834424,
1,case1_stable,1,0.3286276188774964,True,1.69215052618278e-14,0.30030221024733283,
1,case1_stable,1,0.4436472854846202,True,9.9221162494049e-14,0.40576100950503413,
1,case1_stable,1,0.5989238354042373,True,4.6281410232581506e-14,0.5483851854195053,
1,case1_stable,1,0.8085471777957205,True,1.1125781411429525e-12,0.7413423265341893,
1,case1_stable,1,1.0915386900242228,True,3.19437940101987e-12,1.0024869826195038,
1,case1_stable,1,1.473577231532701,True,5.553008533022757e-11,1.6502623691413911,period-collapse
2,case1_stable,2,0.002,True,7.627445309440551e-14,0.0019888384312235097,
2,case1_stable,2,0.0027,True,7.375280798751213e-11,0.0026849269960591876,
2,case1_stable,2,0.0036450000000000002,True,5.840751233432162e-14,0.0036246424553692752,
2,case1_stable,2,0.004920750000000001,True,2.916197498246483e-14,0.004893251141513763,
2,case1_stable,2,0.006643012500000002,True,3.460545695410918e-14,0.006605859836144909,
2,case1_stable,2,0.008968066875000003,True,4.796719946631557e-14,0.00891785821923141,
2,case1_stable,2,0.012106890281250005,True,1.6321348218723964e-13,0.0120390144477369,
2,case1_stable,2,0.01634430187968751,True,5.496793564090513e-13,0.01625250196350105,
2,case1_stable,2,0.022064807537578137,True,4.104854903294821e-12,0.021940582278212082,
2,case1_stable,2,0.029787490175730486,True,3.5962689073963e-11,0.029619272365462804,
2,case1_stable,2,0.04021311173723616,True,3.59381797818153e-14,0.039985142086830475,
2,case1_stable,2,0.054287700845268815,True,2.8872818088741505e-14,0.05397849607527867,
2,case1_stable,2,0.0732883961411129,True,6.852767993002036e-14,0.0728687059231053,
2,case1_stable,2,0.09893933479050243,True,5.03607081696127e-14,0.09836954667850364,
2,case1_stable,2,0.1335681019671783,True,3.1145213957509105e-12,0.13279532614326672,
2,case1_stable,2,0.18031693765569073,True,8.097684509106878e-11,0.17927288554629517,
2,case1_stable,2,0.2434278658351825,True,3.227052072941511e-14,0.24203993483976907,
2,case1_stable,2,0.3286276188774964,True,1.3327221499697578e-13,0.3268289373112142,
2,case1_stable,2,0.4436472854846202,True,3.7841779342400285e-12,0.4414639158896953,
2,case1_stable,2,0.5989238354042373,True,6.433982238650981e-14,0.5966811075684423,
2,case1_stable,2,0.8085471777957205,False,9.914873314868906,10.80234263315252,
3,case2_stable,1,0.002,True,2.3533590945499054e-14,0.001839290326453346,
3,case2_stable,1,0.0027,True,3.146213978917584e-14,0.0024832440057055627,
3,case2_stable,1,0.0036450000000000002,True,2.896980516523234e-14,0.003352747726342341,
3,case2_stable,1,0.004920750000000001,True,1.9004976508292924e-14,0.004526880827069387,
3,case2_stable,1,0.006643012500000002,True,4.095467592536021e-14,0.006112513073236238,
3,case2_stable,1,0.008968066875000003,True,3.739520510835233e-14,0.008254124144242262,
3,case2_stable,1,0.012106890281250005,True,4.324008701227298e-14,0.011147136570549677,
3,case2_stable,1,0.01634430187968751,True,3.3208015655202185e-14,0.015056055259337764,
3,case2_stable,1,0.022064807537578137,True,7.170074442375238e-14,0.020339212165336178,
3,case2_stable,1,0.029787490175730486,True,7.257913207366292e-13,0.027482641438417086,
3,case2_stable,1,0.04021311173723616,True,4.8110689635462666e-12,0.03714667432460093,
3,case2_stable,1,0.054287700845268815,True,3.458519016599519e-11,0.05023043517563705,
3,case2_stable,1,0.0732883961411129,True,1.7866697305473188e-14,0.0679618664110064,
3,case2_stable,1,0.09893933479050243,True,2.4794620938034978e-14,0.09202479935914676,
3,case2_stable,1,0.1335681019671783,True,3.3576378278000215e-14,0.12474407586079606,
3,case2_stable,1,0.18031693765569073,True,1.2882558815019165e-13,0.1693463819163028,
3,case2_stable,1,0.2434278658351825,True,5.238181794783845e-12,0.23037104667955832,
3,case2_stable,1,0.3286276188774964,True,4.308229338735908e-14,0.31430315134116615,
3,case2_stable,1,0.4436472854846202,True,2.3651458372477058e-14,0.43066336145069956,
3,case2_stable,1,0.5989238354042373,True,9.334527582154942e-13,0.5940561598730129,
3,case2_stable,1,0.8085471777957205,True,1.0437447052372738e-13,0.8288794043901748,
3,case2_stable,1,1.0915386900242228,True,7.324564541129064e-14,1.1843463094106614,
3,case2_stable,1,1.473577231532701,True,5.998937932449059e-12,1.831856472020565,
3,case2_stable,1,1.9893292625691463,False,1.7674059016526637e-07,5.348016074812136,
4,case2_stable,2,0.002,True,4.9353161796768445e-14,0.0019985851503709524,
4,case2_stable,2,0.0027,True,6.095235767506067e-15,0.002698068327161678,
4,case2_stable,2,0.0036450000000000002,True,8.481557639199343e-14,0.0036423528916388246,
4,case2_stable,2,0.004920750000000001,True,3.8857822546081495e-14,0.004917104843646359,
4,case2_stable,2,0.006643012500000002,True,2.6857445152856897e-14,0.006637961502140192,
4,case2_stable,2,0.008968066875000003,True,1.123691745055933e-13,0.008961011974660489,
4,case2_stable,2,0.012106890281250005,True,1.8772246058205565e-13,0.012096938268572546,
4,case2_stable,2,0.01634430187968751,True,6.355874755220028e-13,0.01633009250152217,
4,case2_stable,2,0.022064807537578137,True,1.894613930949846e-12,0.022044227945305354,
4,case2_stable,2,0.029787490175730486,True,4.271220324617301e-12,0.029757196199285792,
4,case2_stable,2,0.04021311173723616,True,1.6474695933521589e-12,0.04016772218906555,
4,case2_stable,2,0.054287700845268815,True,4.138004385726174e-11,0.05421844509856782,
4,case2_stable,2,0.0732883961411129,True,9.153800640806824e-14,0.0731808692528265,
4,case2_stable,2,0.09893933479050243,True,1.0861726626564153e-13,0.0987698601198572,
4,case2_stable,2,0.1335681019671783,True,1.987482717833293e-12,0.13329809982668153,
4,case2_stable,2,0.18031693765569073,True,9.790539126628909e-14,0.17988496449641658,
4,case2_stable,2,0.2434278658351825,True,6.600202879718306e-14,0.24274957081550674,
4,case2_stable,2,0.3286276188774964,True,6.596971967356435e-14,0.3275861904329048,
4,case2_stable,2,0.4436472854846202,True,1.598610091427537e-11,0.442149142813513,
4,case2_stable,2,0.5989238354042373,True,8.787237351694175e-13,0.5970654190244276,
4,case2_stable,2,0.8085471777957205,False,18.607928532766326,21.104705198773363,
5,case1_saddlecentre,1,0.002,True,7.324596047116911e-12,0.000534580167393098,
5,case1_saddlecentre,1,0.0027,True,7.4847386355881e-12,0.000721724344141257,
5,case1_saddlecentre,1,0.0036450000000000002,True,8.572113606473401e-13,0.0009744029807090013,
5,case1_saddlecentre,1,0.004920750000000001,True,1.3600943972205861e-12,0.0013155813627062684,
5,case1_saddlecentre,1,0.006643012500000002,True,2.3120510145475885e-12,0.0017762862224584574,
5,case1_saddlecentre,1,0.008968066875000003,True,5.8629522357939584e-12,0.0023984472148015977,
5,case1_saddlecentre,1,0.012106890281250005,True,7.597842912713771e-11,0.0032387501588027156,
5,case1_saddlecentre,1,0.01634430187968751,True,1.0518573385886226e-11,0.004373871567371143,
5,case1_saddlecentre,1,0.022064807537578137,True,8.960750421628352e-12,0.00590760780604883,
5,case1_saddlecentre,1,0.029787490175730486,True,1.0352572436738095e-11,0.007980620991122851,
5,case1_saddlecentre,1,0.04021311173723616,True,7.3533613512215e-12,0.010783836419922989,
5,case1_saddlecentre,1,0.054287700845268815,True,2.0881270800389733e-12,0.01457702404046928,
5,case1_saddlecentre,1,0.0732883961411129,True,8.413474042448289e-12,0.019715398729082654,
5,case1_saddlecentre,1,0.09893933479050243,True,1.244525423534095e-11,0.02668601833067517,
5,case1_saddlecentre,1,0.1335681019671783,True,4.704844827147977e-12,0.0361643642711302,
5,case1_saddlecentre,1,0.18031693765569073,True,2.4256156807957923e-12,0.04910158662020253,
5,case1_saddlecentre,1,0.2434278658351825,True,7.365384655936529e-11,0.06686776440285598,
5,case1_saddlecentre,1,0.3286276188774964,True,1.607446999798706e-12,0.09152051061379483,
5,case1_saddlecentre,1,0.4436472854846202,False,0.9420780409054755,1.1068018429658921,
6,case2_saddlecentre,1,0.002,True,1.7368412287951846e-12,0.00026898734328801487,
6,case2_saddlecentre,1,0.0027,True,4.108517771937892e-12,0.00036313612530905606,
6,case2_saddlecentre,1,0.0036450000000000002,True,1.2893608590819643e-11,0.0004902396464483972,
6,case2_saddlecentre,1,0.004920750000000001,True,8.000491889193741e-11,0.0006618342922752626,
6,case2_saddlecentre,1,0.006643012500000002,True,1.9600496518014056e-12,0.0008934960656913147,
6,case2_saddlecentre,1,0.008968066875000003,True,1.0843976100032474e-11,0.0012062560739304492,
6,case2_saddlecentre,1,0.012106890281250005,True,6.2939524366585595e-12,0.001628512880197717,
6,case2_saddlecentre,1,0.01634430187968751,True,9.346356600634871e-12,0.0021986169622187175,
6,case2_saddlecentre,1,0.022064807537578137,True,3.3488243413163626e-13,0.0029683651994536226,
6,case2_saddlecentre,1,0.029787490175730486,True,3.1594270203306157e-13,0.0040077293563164805,
6,case2_saddlecentre,1,0.04021311173723616,True,1.4801152272112555e-11,0.005411261821304766,
6,case2_saddlecentre,1,0.054287700845268815,True,5.8916619502770084e-12,0.007306789851048035,
6,case2_saddlecentre,1,0.0732883961411129,True,8.583888402445554e-11,0.00986725211308315,
6,case2_saddlecentre,1,0.09893933479050243,True,4.506220047461078e-11,0.013326895263830203,
6,case2_saddlecentre,1,0.1335681019671783,True,5.56855582024082e-12,0.018003625825030994,
6,case2_saddlecentre,1,0.18031693765569073,True,3.548554828661626e-11,0.30048263688207416,orbit-jump
7,case1_res_3to2,1,0.002,True,8.081144301990028e-14,0.0018595360162550062,
7,case1_res_3to2,1,0.0027,True,6.729347500562201e-14,0.002510389663301703,
7,case1_res_3to2,1,0.0036450000000000002,True,1.8460678827914937e-14,0.0033890552332821585,
7,case1_res_3to2,1,0.004920750000000001,True,3.783506998241266e-14,0.00457527764283397,
7,case1_res_3to2,1,0.006643012500000002,True,5.34588719996684e-14,0.006176721264906488,
7,case1_res_3to2,1,0.008968066875000003,True,4.6930085902641405e-14,0.008338748776107916,
7,case1_res_3to2,1,0.012106890281250005,True,9.089668964687631e-14,0.011257628174918915,
7,case1_res_3to2,1,0.01634430187968751,True,3.7287209239950194e-13,0.01519837210471969,
7,case1_res_3to2,1,0.022064807537578137,True,2.0888298734459187e-12,0.020518838129369613,
7,case1_res_3to2,1,0.029787490175730486,True,1.4012356203811954e-11,0.027702293581701475,
7,case1_res_3to2,1,0.04021311173723616,True,4.376190926452065e-14,0.037401896838782055,
7,case1_res_3to2,1,0.054287700845268815,True,3.5430288055489996e-14,0.05049933822175105,
7,case1_res_3to2,1,0.0732883961411129,True,3.065923388949671e-14,0.06818608378206188,
7,case1_res_3to2,1,0.09893933479050243,True,3.349589763181107e-13,0.09207213175604487,
7,case1_res_3to2,1,0.1335681019671783,True,6.019722067603173e-11,0.12433828561414101,
7,case1_res_3to2,1,0.18031693765569073,True,3.400598461339587e-14,0.16792823257288264,
7,case1_res_3to2,1,0.2434278658351825,True,1.1732801420874776e-11,0.22683516607024495,
7,case1_res_3to2,1,0.3286276188774964,True,4.6293653579045604e-14,0.3064748644502155,
7,case1_res_3to2,1,0.4436472854846202,True,6.823119123965671e-14,0.4141994066585742,
7,case1_res_3to2,1,0.5989238354042373,True,5.873256795782329e-14,0.5600478789333513,
7,case1_res_3to2,1,0.8085471777957205,True,4.0056257627596994e-11,0.9016094287469821,period-collapse
8,case1_res_3to2,2,0.002,True,1.2227483304290873e-13,0.0019662003476586046,
8,case1_res_3to2,2,0.0027,True,3.82514684051861e-14,0.002654845418408781,
8,case1_res_3to2,2,0.0036450000000000002,True,7.993446726474694e-14,0.0035849072036253137,
8,case1_res_3to2,2,0.004920750000000001,True,5.5222298494863534e-14,0.004841203530903014,
8,case1_res_3to2,2,0.006643012500000002,True,8.522805357615392e-14,0.006538503923445253,
8,case1_res_3to2,2,0.008968066875000003,True,3.672666466996783e-14,0.008832231951151471,
8,case1_res_3to2,2,0.012106890281250005,True,1.7752671698608104e-13,0.011933095098301776,
8,case1_res_3to2,2,0.01634430187968751,True,7.186048248596041e-13,0.016127168205661107,
8,case1_res_3to2,2,0.022064807537578137,True,1.015077353976595e-11,0.021803618165426433,
8,case1_res_3to2,2,0.029787490175730486,True,1.852322901799209e-14,0.029493259927748372,
8,case1_res_3to2,2,0.04021311173723616,True,6.8131842159581994e-15,0.039923139273020644,
8,case1_res_3to2,2,0.054287700845268815,True,1.24763169740967e-13,0.05409367135291017,
8,case1_res_3to2,2,0.0732883961411129,True,3.1243708479923744e-13,0.0733888150345374,
8,case1_res_3to2,2,0.09893933479050243,True,1.7270804133140246e-11,0.09974711982527303,
8,case1_res_3to2,2,0.1335681019671783,True,3.51097832175452e-14,0.13590698596035844,
8,case1_res_3to2,2,0.18031693765569073,True,7.046760798438836e-14,0.18581321550187851,
8,case1_res_3to2,2,0.2434278658351825,True,8.235842715194995e-14,0.2552770779546326,
8,case1_res_3to2,2,0.3286276188774964,True,1.0184541900585686e-12,0.3531430770381383,
8,case1_res_3to2,2,0.4436472854846202,True,7.772808214594902e-14,0.4934980885727033,
8,case1_res_3to2,2,0.5989238354042373,True,1.820280482188926e-14,0.7003487627650419,
8,case1_res_3to2,2,0.8085471777957205,True,1.5974123491061628e-14,1.0186712066181878,
8,case1_res_3to2,2,1.0915386900242228,False,3.1789946948155756,2.9774296884087086,
9,case2_res_2to1,1,0.002,True,2.360933728534921e-14,0.0018437794485057636,
9,case2_res_2to1,1,0.0027,True,7.088449365696206e-11,0.0024891548892545245,
9,case2_res_2to1,1,0.0036450000000000002,True,2.6711119251516515e-14,0.0033604550619210395,
9,case2_res_2to1,1,0.004920750000000001,True,4.256024383467877e-14,0.004536788956971871,
9,case2_res_2to1,1,0.006643012500000002,True,1.445618650326257e-14,0.00612498289896405,
9,case2_res_2to1,1,0.008968066875000003,True,2.881094038603729e-14,0.00826930502700913,
9,case2_res_2to1,1,0.012106890281250005,True,2.5020817289946657e-14,0.011164624374119045,
9,case2_res_2to1,1,0.01634430187968751,True,3.090848456476451e-13,0.015074214960492075,
9,case2_res_2to1,1,0.022064807537578137,True,1.887121008896541e-12,0.02035376838967481,
9,case2_res_2to1,1,0.029787490175730486,True,1.2711691140128297e-11,0.02748406987164273,
9,case2_res_2to1,1,0.04021311173723616,True,8.992066858006074e-11,0.037115214697250314,
9,case2_res_2to1,1,0.054287700845268815,True,2.2634520153361007e-14,0.0501266721391812,
9,case2_res_2to1,1,0.0732883961411129,True,2.8662909112156584e-14,0.06770897244385958,
9,case2_res_2to1,1,0.09893933479050243,True,3.863238063220285e-14,0.09147530028967028,
9,case2_res_2to1,1,0.1335681019671783,True,4.0571985158445914e-13,0.12361657317906431,
9,case2_res_2to1,1,0.18031693765569073,True,2.2425038937202703e-11,0.167103156305711,
9,case2_res_2to1,1,0.2434278658351825,True,1.6751313233155743e-14,0.225988900513203,
9,case2_res_2to1,1,0.3286276188774964,True,2.547065463192091e-14,0.30579782658789895,
9,case2_res_2to1,1,0.4436472854846202,True,2.057095847711585e-11,0.4141107699712567,
9,case2_res_2to1,1,0.5989238354042373,True,3.2994212864039266e-14,0.5613731225552419,
9,case2_res_2to1,1,0.8085471777957205,True,4.560486137667321e-14,0.7621497674154344,
9,case2_res_2to1,1,1.0915386900242228,False,6.70152530026217e-07,5.254699452621219,
10,case2_res_2to1,2,0.002,True,1.219090324630683e-13,0.0019990492049706955,
10,case2_res_2to1,2,0.0027,True,7.50723938353833e-14,0.002698720446065742,
10,case2_res_2to1,2,0.0036450000000000002,True,9.154398353508606e-14,0.0036432800008868054,
10,case2_res_2to1,2,0.004920750000000001,True,5.3883664644303826e-14,0.004918441667138714,
10,case2_res_2to1,2,0.006643012500000002,True,1.5618616133776115e-13,0.006639935410783927,
10,case2_res_2to1,2,0.008968066875000003,True,8.27073751738705e-13,0.008963988315225924,
10,case2_res_2to1,2,0.012106890281250005,True,4.477819486174138e-12,0.012101570010118618,
10,case2_res_2to1,2,0.01634430187968751,True,2.645063544602278e-11,0.01633747040788212,
10,case2_res_2to1,2,0.022064807537578137,True,2.0781400846170657e-14,0.022056245508775274,
10,case2_res_2to1,2,0.029787490175730486,True,2.388733125969387e-14,0.029777198717921907,
10,case2_res_2to1,2,0.04021311173723616,True,2.028003282053384e-14,0.04020172386982703,
10,case2_res_2to1,2,0.054287700845268815,True,6.014763219935965e-14,0.054277507249688633,
10,case2_res_2to1,2,0.0732883961411129,True,4.670011342609718e-13,0.073286020471755,
10,case2_res_2to1,2,0.09893933479050243,True,1.253904579700183e-11,0.09896404239883949,
10,case2_res_2to1,2,0.1335681019671783,True,7.970108402793527e-14,0.13367590144404887,
10,case2_res_2to1,2,0.18031693765569073,True,3.0749932881508265e-14,0.18066340629614838,
10,case2_res_2to1,2,0.2434278658351825,True,7.142561406920187e-13,0.24448441624720813,
10,case2_res_2to1,2,0.3286276188774964,True,4.1267740423584846e-14,0.33182603352566914,
10,case2_res_2to1,2,0.4436472854846202,False,6.710716627014475e-09,0.4501331813059528,
