family_id,member,label,component,s,c1,c2,x_eq,y_eq,mode,omega_parent,amplitude,geom_amplitude,x0,y0,vx0,vy0,T,closure,jacobi_CJ,min_d0,min_d1,min_d2,min_d3,wind_m0,wind_m1,wind_m2,wind_m3,wind_centroid,n_lobes,flags,stop
1,1,case1_stable,Case1-arc,0.7477731482663338,-0.6771471593681628,0.7012651755161944,2.7844390965878443,0.2477597676823909,1,0.925387221902072,0.002,0.0018225003048495001,2.7845699579323817,0.24594312564140844,-0.0008262560315079349,-7.085461616939126e-06,6.78979042721247,3.54401446333931e-11,24.032552308844934,2.8051796012895744,3.7916490329235693,2.858787946750505,3.490209865225406,0,0,0,0,0,2,,
1,2,case1_stable,Case1-arc,0.7477731482663338,-0.6771471593681628,0.7012651755161944,2.7844390965878443,0.2477597676823909,1,0.925387221902072,0.0027,0.0024603912301566777,2.784615647169844,0.24530726995024404,-0.0011153948854804362,-9.664744471575994e-06,6.789790368296689,1.282632151313403e-11,24.032551881752077,2.8048674315071382,3.791337027564219,2.8584299774844166,3.489874944566119,0,0,0,0,0,2,,
1,3,case1_stable,Case1-arc,0.7477731482663338,-0.6771471593681628,0.7012651755161944,2.7844390965878443,0.2477597676823909,1,0.925387221902072,0.0036450000000000002,0.003321556993093624,2.7846772352848,0.2444488393494452,-0.0015056907308028833,-1.322853296435876e-05,6.789790316162917,3.8735216551175075e-11,24.032551103457106,2.8044460325834573,3.79091585479571,2.8579467727762635,3.4894228455550054,0,0,0,0,0,2,,
1,4,case1_stable,Case1-arc,0.7477731482663338,-0.6771471593681628,0.7012651755161944,2.7844390965878443,0.2477597676823909,1,0.925387221902072,0.004920750000000001,0.004484154305648561,2.784760210899917,0.24328991177267598,-0.00203251442331147,-1.8188691932865303e-05,6.789790185845721,7.742852773107187e-14,24.032549685215645,2.8038771993139178,3.790347334474864,2.857294544664311,3.4888125920180246,0,0,0,0,0,2,,
1,5,case1_stable,Case1-arc,0.7477731482663338,-0.6771471593681628,0.7012651755161944,2.7844390965878443,0.2477597676823909,1,0.925387221902072,0.006643012500000002,0.006053703561067542,2.78487192103762,0.24172527543180317,-0.002743588924138927,-2.515661220064317e-05,6.789789981661193,1.891465261604166e-14,24.032547100964706,2.8031093750105605,3.789579946556549,2.856414215508898,3.487988895560367,0,0,0,0,0,2,,
1,6,case1_stable,Case1-arc,0.7477731482663338,-0.6771471593681628,0.7012651755161944,2.7844390965878443,0.2477597676823909,1,0.925387221902072,0.008968066875000003,0.008172672748987626,2.78502217005097,0.23961286352859723,-0.0037032899690778265,-3.505870633209054e-05,6.789789609637224,9.246125421450834e-15,24.032542392381444,2.8020729955314128,3.788544181537247,2.855226096991174,3.486877171074967,0,0,0,0,0,2,,
1,7,case1_stable,Case1-arc,0.7477731482663338,-0.6771471593681628,0.7012651755161944,2.7844390965878443,0.2477597676823909,1,0.925387221902072,0.012106890281250005,0.011033421800343323,2.785223985519214,0.23676083003913292,-0.004998434212940937,-4.932991657225757e-05,6.78978893185537,2.6606670992082253e-14,24.03253381396968,2.8006742171494428,3.7871462788377546,2.853622730545413,3.485376827050093,0,0,0,0,0,2,,
1,8,case1_stable,Case1-arc,0.7477731482663338,-0.6771471593681628,0.7012651755161944,2.7844390965878443,0.2477597676823909,1,0.925387221902072,0.01634430187968751,0.01489568701776195,2.7854945744664126,0.23291008202832522,-0.006746061279218544,-7.024371089678427e-05,6.789787697191787,5.1957082232238134e-14,24.03251818712977,2.7987864743910307,3.785259802328954,2.8514592668707768,3.4833522441053413,0,0,0,0,0,2,,
1,9,case1_stable,Case1-arc,0.7477731482663338,-0.6771471593681628,0.7012651755161944,2.7844390965878443,0.2477597676823909,1,0.925387221902072,0.022064807537578137,0.02011020223278789,2.785856471976573,0.22771066275339671,-0.009103883417405272,-0.00010148319513251979,6.789785448478985,7.83914193978862e-14,24.03248972514865,2.796239128618831,3.78271431909698,2.848540559302043,3.4806206620288096,0,0,0,0,0,2,,
1,10,case1_stable,Case1-arc,0.7477731482663338,-0.6771471593681628,0.7012651755161944,2.7844390965878443,0.2477597676823909,1,0.925387221902072,0.029787490175730486,0.0271506168433174,2.786338831279157,0.22068980622617163,-0.012284295106987723,-0.00014914185913293237,6.7897813538251315,6.39438512528748e-13,24.03243789710074,2.79280222622596,3.779280209835977,2.8446038870996557,3.4769359471844745,0,0,0,0,0,2,,
1,11,case1_stable,Case1-arc,0.7477731482663338,-0.6771471593681628,0.7012651755161944,2.7844390965878443,0.2477597676823909,1,0.925387221902072,0.04021311173723616,0.03665687196622175,2.7869786874742233,0.2112087019690893,-0.016573120422114573,-0.00022349509681677371,6.789773900348757,6.088964568628591e-12,24.03234354781942,2.788166071852343,3.774648333285871,2.8392958988984462,3.4719668958364114,0,0,0,0,0,2,,
1,12,case1_stable,Case1-arc,0.7477731482663338,-0.6771471593681628,0.7012651755161944,2.7844390965878443,0.2477597676823909,1,0.925387221902072,0.054287700845268815,0.049493357981260984,2.787821785234298,0.19840394190317295,-0.022354649739058784,-0.0003421620268955036,6.78976033909147,5.329447956208609e-11,24.032171858007967,2.7819139227966336,3.76840288129702,2.8321419696927315,3.46526833674692,0,0,0,0,0,2,,
1,13,case1_stable,Case1-arc,0.7477731482663338,-0.6771471593681628,0.7012651755161944,2.7844390965878443,0.2477597676823909,1,0.925387221902072,0.0732883961411129,0.0668276725402094,2.788922077730223,0.18110816753002473,-0.030145016214691362,-0.0005357854714928596,6.7897356775472195,2.058433877828029e-14,24.031859589639797,2.7734856143701965,3.7599852885431035,2.8225057055735943,3.456242828893388,0,0,0,0,0,2,,
1,14,case1_stable,Case1-arc,0.7477731482663338,-0.6771471593681628,0.7012651755161944,2.7844390965878443,0.2477597676823909,1,0.925387221902072,0.09893933479050243,0.09023769880238751,2.7903380583300423,0.15774246514246434,-0.04063666394703512,-0.0008582852009870009,6.789690872360409,5.97464376429749e-14,24.031292020743486,2.762129330753957,3.748646507765164,2.8095358457606934,3.444090228000126,0,0,0,0,0,2,,
1,15,case1_stable,Case1-arc,0.7477731482663338,-0.6771471593681628,0.7012651755161944,2.7844390965878443,0.2477597676823909,1,0.925387221902072,0.1335681019671783,0.12185799660908285,2.792122256664843,0.12617042393120226,-0.0547577517868609,-0.0014054220414075676,6.789609565475356,5.0736732486887325e-14,24.030261332616128,2.7468380640059795,3.733384362208244,2.792097265343236,3.427741880984827,0,0,0,0,0,2,,
1,16,case1_stable,Case1-arc,0.7477731482663338,-0.6771471593681628,0.7012651755161944,2.7844390965878443,0.2477597676823909,1,0.925387221902072,0.18031693765569073,0.16457450572816965,2.7942967125755427,0.08350037101807906,-0.07375230983689618,-0.0023484218554267974,6.789462272178781,2.994999293592969e-13,24.02839174958111,2.72626662364638,3.7128621273145646,2.7686817298597046,3.4057758360052865,0,0,0,0,0,2,,
1,17,case1_stable,Case1-arc,0.7477731482663338,-0.6771471593681628,0.7012651755161944,2.7844390965878443,0.2477597676823909,1,0.925387221902072,0.2434278658351825,0.22229364385834424,2.7968005050211433,0.025818237203873245,-0.09929110193976348,-0.003994631487275094,6.789196099508761,2.088442799007287e-11,24.025005311909187,2.6986245307844987,3.685302407670571,2.73730049517913,3.3763094912039255,0,0,0,0,0,2,,
1,18,case1_stable,Case1-arc,0.7477731482663338,-0.6771471593681628,0.7012651755161944,2.7844390965878443,0.2477597676823909,1,0.925387221902072,0.3286276188774964,0.30030221024733283,2.799382572962488,-0.05217040751389332,-0.1336327505787023,-0.006895611600043206,6.788716847187625,1.69215052618278e-14,24.01888202539382,2.661535997854259,3.648358468540922,2.695348592153418,3.336866994596967,0,0,0,0,0,1,,
1,19,case1_stable,Case1-arc,0.7477731482663338,-0.6771471593681628,0.7012651755161944,2.7844390965878443,0.2477597676823909,1,0.925387221902072,0.4436472854846202,0.40576100950503413,2.8013888286205293,-0.15761170603114238,-0.1798779107552395,-0.012034397148903732,6.787858615727355,9.9221162494049e-14,24.007832444975875,2.611874949865097,3.598950491755662,2.639449494419724,3.2842203240290373,0,0,0,0,0,2,,
1,20,case1_stable,Case1-arc,0.7477731482663338,-0.6771471593681628,0.7012651755161944,2.7844390965878443,0.2477597676823909,1,0.925387221902072,0.5989238354042373,0.5483851854195053,2.80134788028524,-0.300102092301409,-0.24241489147962808,-0.02113044893548677,6.7863343753329195,4.6281410232581506e-14,23.987936232759527,2.545549579568936,3.533070502126855,2.565276393462094,3.2142070752064726,0,0,0,0,0,2,,
1,21,case1_stable,Case1-arc,0.7477731482663338,-0.6771471593681628,0.7012651755161944,2.7844390965878443,0.2477597676823909,1,0.925387221902072,0.8085471777957205,0.7413423265341893,2.796181817772579,-0.49239448452598716,-0.3277805321842951,-0.03707054755239605,6.783661753180169,1.1125781411429525e-12,23.952177988098427,2.457250238022388,3.445542661157163,2.4674110626869417,3.1215449843026315,0,0,0,0,0,2,,
1,22,case1_stable,Case1-arc,0.7477731482663338,-0.6771471593681628,0.7012651755161944,2.7844390965878443,0.2477597676823909,1,0.925387221902072,1.0915386900242228,1.0024869826195038,2.779750771625651,-0.7511121397820453,-0.44640869188321036,-0.06430932411985511,6.779069563390086,3.19437940101987e-12,23.887959599319135,2.340134695928608,3.329772557969396,2.339156352039985,2.999635345318824,0,0,0,0,0,2,,
2,1,case1_stable,Case1-arc,0.7477731482663338,-0.6771471593681628,0.7012651755161944,2.7844390965878443,0.2477597676823909,2,0.40587107914470655,0.002,0.0019888384312235097,2.78425855004272,0.24974038514079414,0.00021133923513756475,1.4954190423324052e-05,15.480742017366776,7.627445309440551e-14,24.032552973735594,2.8055466690030766,3.792016726708926,2.859010064877009,3.490495248137756,0,0,0,0,0,2,,
2,2,case1_stable,Case1-arc,0.7477731482663338,-0.6771471593681628,0.7012651755161944,2.7844390965878443,0.2477597676823909,2,0.40587107914470655,0.0027,0.0026849269960591876,2.784195100721026,0.25043357170410174,0.00028537664950203847,2.0179593415752932e-05,15.480742339841987,7.375280798751213e-11,24.032553093443738,2.8053630442076884,3.791833458694508,2.8587297713654456,3.4902601550547763,0,0,0,0,0,2,,
2,3,case1_stable,Case1-arc,0.7477731482663338,-0.6771471593681628,0.7012651755161944,2.7844390965878443,0.2477597676823909,2,0.40587107914470655,0.0036450000000000002,0.0036246424553692752,2.7841092319027334,0.25136934925266735,0.0003853837344755848,2.722686100026824e-05,15.480742940363184,5.840751233432162e-14,24.032553311589172,2.805115239615281,3.79158611792943,2.8583513750775302,3.4899427768927067,0,0,0,0,0,2,,
2,4,case1_stable,Case1-arc,0.7477731482663338,-0.6771471593681628,0.7012651755161944,2.7844390965878443,0.2477597676823909,2,0.40587107914470655,0.004920750000000001,0.004893251141513763,2.7839929222686473,0.25263260462524556,0.0005204965509445739,3.67278608904511e-05,15.4807440262743,2.916197498246483e-14,24.032553709103407,2.8047808653547905,3.7912523342247657,2.8578405397250983,3.4895143115312335,0,0,0,0,0,2,,
2,5,case1_stable,Case1-arc,0.7477731482663338,-0.6771471593681628,0.7012651755161944,2.7844390965878443,0.2477597676823909,2,0.40587107914470655,0.006643012500000002,0.006605859836144909,2.783835199498503,0.2543379185788644,0.0007030873478112793,4.953089675502407e-05,15.480746005059718,3.460545695410918e-14,24.032554433435553,2.8043297549670405,3.7908019564730764,2.8571509110335964,3.4889358740783134,0,0,0,0,0,2,,
2,6,case1_stable,Case1-arc,0.7477731482663338,-0.6771471593681628,0.7012651755161944,2.7844390965878443,0.2477597676823909,2,0.40587107914470655,0.008968066875000003,0.00891785821923141,2.7836209894924226,0.25663994508890303,0.0009499292455201574,6.677257235073718e-05,15.480749610548298,4.796719946631557e-14,24.032555753191787,2.803721292721235,3.7901943678610146,2.8562199096563754,3.48815496565069,0,0,0,0,0,2,,
2,7,case1_stable,Case1-arc,0.7477731482663338,-0.6771471593681628,0.7012651755161944,2.7844390965878443,0.2477597676823909,2,0.40587107914470655,0.012106890281250005,0.0120390144477369,2.783329465818333,0.2597474122015478,0.001283795263988658,8.997168210798446e-05,15.480756179465118,1.6321348218723964e-13,24.03255815761098,2.802900845450837,3.789374888907626,2.854963050810743,3.4871007040818345,0,0,0,0,0,2,,
2,8,case1_stable,Case1-arc,0.7477731482663338,-0.6771471593681628,0.7012651755161944,2.7844390965878443,0.2477597676823909,2,0.40587107914470655,0.01634430187968751,0.01625250196350105,2.7829316449155095,0.2639420027244515,0.0017356662725516454,0.000121150267601716,15.48076814659886,5.496793564090513e-13,24.03256253759939,2.801795018018043,3.7882699822274173,2.8532662733222276,3.485677380378872,0,0,0,0,0,2,,
2,9,case1_stable,Case1-arc,0.7477731482663338,-0.6771471593681628,0.7012651755161944,2.7844390965878443,0.2477597676823909,2,0.40587107914470655,0.022064807537578137,0.021940582278212082,2.7823868181504197,0.26960380575221227,0.002347802841156926,0.00016298678361941832,15.480789945654523,4.104854903294821e-12,24.032570515022503,2.800305379060121,3.7867808776576037,2.850975577814607,3.4837557489513222,0,0,0,0,0,2,,
2,10,case1_stable,Case1-arc,0.7477731482663338,-0.6771471593681628,0.7012651755161944,2.7844390965878443,0.2477597676823909,2,0.40587107914470655,0.029787490175730486,0.029619272365462804,2.7816371499847166,0.2772456077765878,0.0031780614844603215,0.00021900444068596677,15.480829649384344,3.5962689073963e-11,24.03258504123793,2.7983001840404795,3.78477514443883,2.8478830234517707,3.4811612447218354,0,0,0,0,0,2,,
2,11,case1_stable,Case1-arc,0.7477731482663338,-0.6771471593681628,0.7012651755161944,2.7844390965878443,0.2477597676823909,2,0.40587107914470655,0.04021311173723616,0.039985142086830475,2.7805993210498405,0.2875590602992701,0.0043060375089969466,0.00029379250131670415,15.48090195789162,3.59381797818153e-14,24.032611483929855,2.795603632318839,3.7820756279700283,2.8437077872968297,3.4776580199378473,0,0,0,0,0,2,,
2,12,case1_stable,Case1-arc,0.7477731482663338,-0.6771471593681628,0.7012651755161944,2.7844390965878443,0.2477597676823909,2,0.40587107914470655,0.054287700845268815,0.05397849607527867,2.7791513110413435,0.3014767761909166,0.005841950459718552,0.00039324635997079095,15.481033634204971,2.8872818088741505e-14,24.032659597892494,2.7919823176337584,3.778445557520091,2.8380705061271443,3.47292663993761,0,0,0,0,0,2,,
2,13,case1_stable,Case1-arc,0.7477731482663338,-0.6771471593681628,0.7012651755161944,2.7844390965878443,0.2477597676823909,2,0.40587107914470655,0.0732883961411129,0.0728687059231053,2.7771110402793076,0.32025573766510657,0.00793975758777812,0.0005247878934715216,15.481273441162402,6.852767993002036e-14,24.032747091824536,2.7871278314828416,3.7735707881145806,2.8304581807889266,3.4665355923880115,0,0,0,0,0,2,,
2,14,case1_stable,Case1-arc,0.7477731482663338,-0.6771471593681628,0.7012651755161944,2.7844390965878443,0.2477597676823909,2,0.40587107914470655,0.09893933479050243,0.09836954667850364,2.774201157733773,0.3455891216258155,0.010816974797014375,0.0006974805042732572,15.481710344537413,5.03607081696127e-14,24.032906066390694,2.780634819385211,3.7670340000108613,2.820176642787785,3.4578985269492906,0,0,0,0,0,2,,
2,15,case1_stable,Case1-arc,0.7477731482663338,-0.6771471593681628,0.7012651755161944,2.7844390965878443,0.2477597676823909,2,0.40587107914470655,0.1335681019671783,0.13279532614326672,2.7699899505424455,0.3797558394704146,0.014785454994497703,0.0009218654269631856,15.482507173903267,3.1145213957509105e-12,24.033194592261797,2.771976597302482,3.758284884967027,2.8062855301847507,3.446217695339927,0,0,0,0,0,2,,
2,16,case1_stable,Case1-arc,0.7477731482663338,-0.6771471593681628,0.7012651755161944,2.7844390965878443,0.2477597676823909,2,0.40587107914470655,0.18031693765569073,0.17927288554629517,2.763790679729281,0.4258198033421917,0.020300551793705594,0.0012091846060918831,15.48396386832154,8.097684509106878e-11,24.033717430174164,2.760472228511585,3.746595612337332,2.787506504073764,3.4303987124673503,0,0,0,0,0,2,,
2,17,case1_stable,Case1-arc,0.7477731482663338,-0.6771471593681628,0.7012651755161944,2.7844390965878443,0.2477597676823909,2,0.40587107914470655,0.2434278658351825,0.24203993483976907,2.7544879807367617,0.48789416155844584,0.028041783113667465,0.0015693631639261566,15.486639763965423,3.227052072941511e-14,24.034662889798255,2.745250215785975,3.730999060441579,2.7620923292486466,3.4089274943413956,0,0,0,0,0,2,,
2,18,case1_stable,Case1-arc,0.7477731482663338,-0.6771471593681628,0.7012651755161944,2.7844390965878443,0.2477597676823909,2,0.40587107914470655,0.3286276188774964,0.3268289373112142,2.7402355346531824,0.5714893425575852,0.03904812173027658,0.0020066126987675448,15.491601293145163,1.3327221499697578e-13,24.03636801602163,2.725181626793836,3.710176172708487,2.727638476693139,3.3796809074068386,0,0,0,0,0,2,,
2,19,case1_stable,Case1-arc,0.7477731482663338,-0.6771471593681628,0.7012651755161944,2.7844390965878443,0.2477597676823909,2,0.40587107914470655,0.4436472854846202,0.4414639158896953,2.7179250617371777,0.6839672469260046,0.05494823960083176,0.002510747534368131,15.50095889817842,3.7841779342400285e-12,24.039433759556243,2.698751885697857,3.682235480040645,2.68080837610167,3.339614832315694,0,0,0,0,0,2,,
2,20,case1_stable,Case1-arc,0.7477731482663338,-0.6771471593681628,0.7012651755161944,2.7844390965878443,0.2477597676823909,2,0.40587107914470655,0.5989238354042373,0.5966811075684423,2.6822444036446296,0.8351261061990449,0.07835481710601157,0.003041895258792532,15.519134419432376,6.433982238650981e-14,24.044932042532704,2.6637100269352114,3.6442489531118416,2.6169025224787905,3.284277545136058,0,0,0,0,0,2,,
3,1,case2_stable,Case2-loop,0.1428442170428657,0.1678520432508174,-1.0756101473011073,1.992595146616996,1.786340657662093,1,0.921539973554187,0.002,0.001839290326453346,1.993489316441573,1.7848420400828573,-0.0009781889611236527,-4.874427265366986e-05,6.8181363136245405,2.3533590945499054e-14,21.786667451457387,2.7429580399089293,3.4842639906515274,2.1798203509603606,3.393183186477753,0,0,0,0,0,2,,
3,2,case2_stable,Case2-loop,0.1428442170428657,0.1678520432508174,-1.0756101473011073,1.992595146616996,1.786340657662093,1,0.921539973554187,0.0027,0.0024832440057055627,1.9938021841508655,1.784317428052695,-0.0013204903363329633,-6.58006278935757e-05,6.818136180567895,3.146213978917584e-14,21.786667018284362,2.742645583800376,3.483935335053776,2.17946564307299,3.3928346881070377,0,0,0,0,0,2,,
3,3,case2_stable,Case2-loop,0.1428442170428657,0.1678520432508174,-1.0756101473011073,1.992595146616996,1.786340657662093,1,0.921539973554187,0.0036450000000000002,0.003352747726342341,1.9942244800971884,1.783609122967554,-0.0017825439605712574,-8.882342146597612e-05,6.818135938074253,2.896980516523234e-14,21.786666228720627,2.742223738550143,3.483491594582709,2.1789867285115765,3.3923641908875592,0,0,0,0,0,2,,
3,4,case2_stable,Case2-loop,0.1428442170428657,0.1678520432508174,-1.0756101473011073,1.992595146616996,1.786340657662093,1,0.921539973554187,0.004920750000000001,0.004526880827069387,1.994794442076393,1.78265276743035,-0.002406219386973947,-0.00011989837847211354,6.818135496033539,1.9004976508292924e-14,21.786664789479744,2.7416541936595107,3.482892443894022,2.1783400864723177,3.391728975116112,0,0,0,0,0,2,,
3,5,case2_stable,Case2-loop,0.1428442170428657,0.1678520432508174,-1.0756101473011073,1.992595146616996,1.786340657662093,1,0.921539973554187,0.006643012500000002,0.006112513073236238,1.9955636400164063,1.7813614256660764,-0.003248004613996604,-0.00016183940333474396,6.818134690217582,4.095467592536021e-14,21.78666216581979,2.740885209921472,3.482083406145824,2.177466923987608,3.3908713526245005,0,0,0,0,0,2,,
3,6,case2_stable,Case2-loop,0.1428442170428657,0.1678520432508174,-1.0756101473011073,1.992595146616996,1.786340657662093,1,0.921539973554187,0.008968066875000003,0.008254124144242262,1.9966016001529705,1.7796176373067172,-0.004384093122565517,-0.0002184423154214228,6.818133221135745,3.739520510835233e-14,21.78665738261184,2.7398469028251324,3.480990868895165,2.1762877978396107,3.3897134141427943,0,0,0,0,0,2,,
3,7,case2_stable,Case2-loop,0.1428442170428657,0.1678520432508174,-1.0756101473011073,1.992595146616996,1.786340657662093,1,0.921539973554187,0.012106890281250005,0.011147136570549677,1.9980020129989042,1.7772626540602383,-0.00591722733995494,-0.00029482701248777075,6.81813054252567,4.324008701227298e-14,21.78664866129389,2.7384448614367636,3.4795153298000123,2.1746953271006477,3.388149926924724,0,0,0,0,0,2,,
3,8,case2_stable,Case2-loop,0.1428442170428657,0.1678520432508174,-1.0756101473011073,1.992595146616996,1.786340657662093,1,0.921539973554187,0.01634430187968751,0.015056055259337764,1.9998910508245917,1.774081843818757,-0.007985893750363838,-0.0003978995039895977,6.818125657797682,3.3208015655202185e-14,21.786632756993054,2.7365515087392374,3.4775222310820992,2.1725443057157574,3.386038725820574,0,0,0,0,0,2,,
3,9,case2_stable,Case2-loop,0.1428442170428657,0.1678520432508174,-1.0756101473011073,1.992595146616996,1.786340657662093,1,0.921539973554187,0.022064807537578137,0.020339212165336178,2.00243848069106,1.7697848672939651,-0.010776657505759606,-0.0005369778519369519,6.818116748054053,7.170074442375238e-14,21.786603747372958,2.7339943918631135,3.47482949923155,2.169638264388264,3.383187703211685,0,0,0,0,0,2,,
3,10,case2_stable,Case2-loop,0.1428442170428657,0.1678520432508174,-1.0756101473011073,1.992595146616996,1.786340657662093,1,0.921539973554187,0.029787490175730486,0.027482641438417086,2.005872455820399,1.7639787004577343,-0.014540672112543743,-0.0007246461286858099,6.818100491901504,7.257913207366292e-13,21.78655081764746,2.7305402886608623,3.4711905635187237,2.1657111644787044,3.379337175521663,0,0,0,0,0,2,,
3,11,case2_stable,Case2-loop,0.1428442170428657,0.1678520432508174,-1.0756101473011073,1.992595146616996,1.786340657662093,1,0.921539973554187,0.04021311173723616,0.03714667432460093,2.0104990974513997,1.7561308229600856,-0.019615712654965513,-0.000977935817553829,6.818070820063028,4.8110689635462666e-12,21.786454204458092,2.7258735937079304,3.466271134458905,2.160402383507875,3.374135949060826,0,0,0,0,0,2,,
3,12,case2_stable,Case2-loop,0.1428442170428657,0.1678520432508174,-1.0756101473011073,1.992595146616996,1.786340657662093,1,0.921539973554187,0.054287700845268815,0.05023043517563705,2.0167282220182874,1.7455188130981618,-0.026455466676226606,-0.0013200033510906315,6.818016631428743,3.458519016599519e-11,21.786277754512,2.7195668451369523,3.4596173019677674,2.153222393227611,3.367108770004725,0,0,0,0,0,2,,
3,13,case2_stable,Case2-loop,0.1428442170428657,0.1678520432508174,-1.0756101473011073,1.992595146616996,1.786340657662093,1,0.921539973554187,0.0732883961411129,0.0679618664110064,2.0251067717663327,1.731161021122502,-0.03566827745751372,-0.0017826221013736165,6.817917586208154,1.7866697305473188e-14,21.785955236587824,2.7110403824842413,3.4506114280777545,2.1435054091687014,3.3576119365920265,0,0,0,0,0,2,,
3,14,case2_stable,Case2-loop,0.1428442170428657,0.1678520432508174,-1.0756101473011073,1.992595146616996,1.786340657662093,1,0.921539973554187,0.09893933479050243,0.09202479935914676,2.0363615477289474,1.711720681523813,-0.04806806713579331,-0.0024101539550427696,6.817736367526607,2.4794620938034978e-14,21.78536506637248,2.699506829890024,3.4384106189755963,2.1303435112875246,3.3447725385420246,0,0,0,0,0,2,,
3,15,case2_stable,Case2-loop,0.1428442170428657,0.1678520432508174,-1.0756101473011073,1.992595146616996,1.786340657662093,1,0.921539973554187,0.1335681019671783,0.12474407586079606,2.051452456432745,1.685372381732515,-0.06474078148298008,-0.0032665083162368453,6.817404284515203,3.3576378278000215e-14,21.78428336870109,2.6838941004722043,3.421859808061353,2.112491756305896,3.327404839400442,0,0,0,0,0,2,,
3,16,case2_stable,Case2-loop,0.1428442170428657,0.1678520432508174,-1.0756101473011073,1.992595146616996,1.786340657662093,1,0.921539973554187,0.18031693765569073,0.1693463819163028,2.0716360956146,1.6496146586833111,-0.08713052041435963,-0.00444870258424987,6.81679439215489,1.2882558815019165e-13,21.782296052180506,2.662737361563661,3.3993667043152382,2.088241375285977,3.3038943194006585,0,0,0,0,0,2,,
3,17,case2_stable,Case2-loop,0.1428442170428657,0.1678520432508174,-1.0756101473011073,1.992595146616996,1.786340657662093,1,0.921539973554187,0.2434278658351825,0.23037104667955832,2.0985359029548842,1.6010049428894082,-0.11715119927668648,-0.006116003373939491,6.815670604295948,5.238181794783845e-12,21.778631856582187,2.634024680998105,3.3687168727750536,2.055216505904871,3.272035063707398,0,0,0,0,0,2,,
3,18,case2_stable,Case2-loop,0.1428442170428657,0.1678520432508174,-1.0756101473011073,1.992595146616996,1.786340657662093,1,0.921539973554187,0.3286276188774964,0.31430315134116615,2.1342065492552593,1.5347828294571144,-0.1573349186729727,-0.008557462495554452,6.813589487658074,4.308229338735908e-14,21.771838331481316,2.5949698839614412,3.326788353779224,2.010089132408286,3.228792506310512,0,0,0,0,0,2,,
3,19,case2_stable,Case2-loop,0.1428442170428657,0.1678520432508174,-1.0756101473011073,1.992595146616996,1.786340657662093,1,0.921539973554187,0.4436472854846202,0.43066336145069956,2.1811601490822863,1.4443377113589195,-0.2110484925775856,-0.012356548139296467,6.809704290184397,2.3651458372477058e-14,21.759129576148208,2.541657858593463,3.2690797326995105,1.9480977471947578,3.169969892677115,0,0,0,0,0,2,,
3,20,case2_stable,Case2-loop,0.1428442170428657,0.1678520432508174,-1.0756101473011073,1.992595146616996,1.786340657662093,1,0.921539973554187,0.5989238354042373,0.5940561598730129,2.242271348883915,1.3204867151564539,-0.28289156931427606,-0.01880385349550991,6.8023493954389735,9.334527582154942e-13,21.73498731386096,2.468449288777948,3.1888346124376694,1.8621919295347444,3.0896656642820775,0,0,0,0,0,2,,
3,21,case2_stable,Case2-loop,0.1428442170428657,0.1678520432508174,-1.0756101473011073,1.992595146616996,1.786340657662093,1,0.921539973554187,0.8085471777957205,0.8288794043901748,2.32032729994956,1.1506611735233874,-0.3797480397703836,-0.030933977607397772,6.788048070526612,1.0437447052372738e-13,21.687792775225734,2.3667810511799714,3.0750698854204983,1.7412042266515675,2.979377902148051,0,0,0,0,0,2,,
3,22,case2_stable,Case2-loop,0.1428442170428657,0.1678520432508174,-1.0756101473011073,1.992595146616996,1.786340657662093,1,0.921539973554187,1.0915386900242228,1.1843463094106614,2.4163273887485333,0.9189632885980803,-0.5148548225329763,-0.05600058103183474,6.758459553684268,7.324564541129064e-14,21.589600467022674,2.2217984439112715,2.906359844221078,1.5643364509473705,2.8260663734649087,0,0,0,0,0,2,,
3,23,case2_stable,Case2-loop,0.1428442170428657,0.1678520432508174,-1.0756101473011073,1.992595146616996,1.786340657662093,1,0.921539973554187,1.473577231532701,1.831856472020565,2.5183707514963523,0.6166953397802416,-0.7363606950291209,-0.10974232558554402,6.6820085048588655,5.998937932449059e-12,21.338139627427836,1.9923289595716138,2.609728832565384,1.266975265451069,2.603601087211063,0,0,0,0,0,2,,
4,1,case2_stable,Case2-loop,0.1428442170428657,0.1678520432508174,-1.0756101473011073,1.992595146616996,1.786340657662093,2,0.38953248124158385,0.002,0.0019985851503709524,1.9938982194182366,1.7848279774937739,-0.0001704876700638793,-0.00010168534144263666,16.130071695651903,4.9353161796768445e-14,21.786668114072643,2.743345157961004,3.484588287250518,2.1800670840346106,3.39344591566528,0,0,0,0,0,2,,
4,2,case2_stable,Case2-loop,0.1428442170428657,0.1678520432508174,-1.0756101473011073,1.992595146616996,1.786340657662093,2,0.38953248124158385,0.0027,0.002698068327161678,1.9943540646929936,1.784298365017569,-0.0002302013683895007,-0.00013731077964759965,16.130074953591556,6.095235767506067e-15,21.78666822596353,2.743168285928019,3.4843732810051895,2.1797989365733876,3.393189367371587,0,0,0,0,0,2,,
4,3,case2_stable,Case2-loop,0.1428442170428657,0.1678520432508174,-1.0756101473011073,1.992595146616996,1.786340657662093,2,0.38953248124158385,0.0036450000000000002,0.0036423528916388246,1.994969266498961,1.7835832447415443,-0.00031085025227500584,-0.00018543439601716971,16.130080890739713,8.481557639199343e-14,21.786668429870726,2.742929555489034,3.484083086963782,2.1794370463203094,3.392842998501868,0,0,0,0,0,2,,
4,4,case2_stable,Case2-loop,0.1428442170428657,0.1678520432508174,-1.0756101473011073,1.992595146616996,1.786340657662093,2,0.38953248124158385,0.004920750000000001,0.004917104843646359,1.9957994439530384,1.782617570998441,-0.00041979076342429597,-0.0002504546597019464,16.13009171016165,3.8857822546081495e-14,21.786668801457168,2.7426073546902114,3.483691442434918,2.178948692886064,3.3923753482087013,0,0,0,0,0,2,,
4,5,case2_stable,Case2-loop,0.1428442170428657,0.1678520432508174,-1.0756101473011073,1.992595146616996,1.786340657662093,2,0.38953248124158385,0.006643012500000002,0.006637961502140192,1.9969195548870542,1.7813134351868392,-0.0005669780796542304,-0.0003383293726583711,16.130111426272286,2.6857445152856897e-14,21.78666947858853,2.7421725390353373,3.4831629365168486,2.1782897775499834,3.3917439248085204,0,0,0,0,0,2,,
4,6,case2_stable,Case2-loop,0.1428442170428657,0.1678520432508174,-1.0756101473011073,1.992595146616996,1.786340657662093,2,0.38953248124158385,0.008968066875000003,0.008961011974660489,1.9984305592271367,1.779551984078453,-0.0007658954313761188,-0.0004571378362509356,16.130147353312406,1.123691745055933e-13,21.786670712450626,2.7415858210943944,3.4824498432788804,2.1774009017149227,3.3908913287842055,0,0,0,0,0,2,,
4,7,case2_stable,Case2-loop,0.1428442170428657,0.1678520432508174,-1.0756101473011073,1.992595146616996,1.786340657662093,2,0.38953248124158385,0.012106890281250005,0.012096938268572546,2.0004683281817384,1.777172444116983,-0.0010348249753326976,-0.0006178533472597761,16.130212817018073,1.8772246058205565e-13,21.786672960645248,2.7407942678112076,3.481487867837083,2.1762021231117994,3.3897400053143296,0,0,0,0,0,2,,
4,8,case2_stable,Case2-loop,0.1428442170428657,0.1678520432508174,-1.0756101473011073,1.992595146616996,1.786340657662093,2,0.38953248124158385,0.01634430187968751,0.01633009250152217,2.003215514412431,1.7739571851548972,-0.0013985932290136553,-0.0008354109136300915,16.13033209293956,6.355874755220028e-13,21.786677056693737,2.739726610661713,3.480190492200262,2.1745859686191453,3.3881851352499703,0,0,0,0,0,2,,
4,9,case2_stable,Case2-loop,0.1428442170428657,0.1678520432508174,-1.0756101473011073,1.992595146616996,1.786340657662093,2,0.38953248124158385,0.022064807537578137,0.022044227945305354,2.0069172906504837,1.7696113398663884,-0.0018909817427167637,-0.001130194213887792,16.130549399582527,1.894613930949846e-12,21.78668451854788,2.7382869726033205,3.4784413942535415,2.1724081697486333,3.386084975650783,0,0,0,0,0,2,,
4,10,case2_stable,Case2-loop,0.1428442170428657,0.1678520432508174,-1.0756101473011073,1.992595146616996,1.786340657662093,2,0.38953248124158385,0.029787490175730486,0.029757196199285792,2.011902076444826,1.7637348960078234,-0.002558080712154147,-0.0015301265837207793,16.13094527292253,4.271220324617301e-12,21.786698109823277,2.736346402024656,3.4760844247946703,2.1694754632614117,3.383247645357332,0,0,0,0,0,2,,
4,11,case2_stable,Case2-loop,0.1428442170428657,0.1678520432508174,-1.0756101473011073,1.992595146616996,1.786340657662093,2,0.38953248124158385,0.04021311173723616,0.04016772218906555,2.018608573371022,1.7557843049975947,-0.0034629973101829906,-0.002073647463878159,16.13166638474921,1.6474695933521589e-12,21.786722860055082,2.733732138352429,3.472910403873304,2.165529684761076,3.3794134988097215,0,0,0,0,0,2,,
4,12,case2_stable,Case2-loop,0.1428442170428657,0.1678520432508174,-1.0756101473011073,1.992595146616996,1.786340657662093,2,0.38953248124158385,0.054287700845268815,0.05421844509856782,2.027620544465051,1.7450193531256744,-0.004692541161535939,-0.0028140131115556664,16.132979864490203,4.138004385726174e-11,21.786767917554563,2.730212874106856,3.4686399044303418,2.1602273222648614,3.374230477541336,0,0,0,0,0,2,,
4,13,case2_stable,Case2-loop,0.1428442170428657,0.1678520432508174,-1.0756101473011073,1.992595146616996,1.786340657662093,2,0.38953248124158385,0.0732883961411129,0.0731808692528265,2.039710648375039,1.73042907738816,-0.006366845291059393,-0.0038256217691007752,16.135372354720182,9.153800640806824e-14,21.78684990961888,2.725478818929303,3.4629011075462874,2.1531137792382693,3.367220562830829,0,0,0,0,0,2,,
4,14,case2_stable,Case2-loop,0.1428442170428657,0.1678520432508174,-1.0756101473011073,1.992595146616996,1.786340657662093,2,0.38953248124158385,0.09893933479050243,0.0987698601198572,2.05589396130057,1.7106274692436847,-0.008653418768030089,-0.005213503276493866,16.139731167403355,1.0861726626564153e-13,21.78699902457716,2.719118339155956,3.455201840394492,2.143591981844315,3.3577317502291546,0,0,0,0,0,2,,
4,15,case2_stable,Case2-loop,0.1428442170428657,0.1678520432508174,-1.0756101473011073,1.992595146616996,1.786340657662093,2,0.38953248124158385,0.1335681019671783,0.13329809982668153,2.0774899845588597,1.6837049013435437,-0.011787974633473374,-0.007127853803652261,16.147677369380318,1.987482717833293e-12,21.787269992170454,2.710582990806667,3.4448938192523455,2.130885893585979,3.344875029463028,0,0,0,0,0,2,,
4,16,case2_stable,Case2-loop,0.1428442170428657,0.1678520432508174,-1.0756101473011073,1.992595146616996,1.786340657662093,2,0.38953248124158385,0.18031693765569073,0.17988496449641658,2.1061877780427523,1.647013414697587,-0.016105631827209005,-0.009786716706384282,16.16218538434462,9.790539126628909e-14,21.787761846899794,2.699143953546982,3.431133189575148,2.1140012040281437,3.327425096896596,0,0,0,0,0,2,,
4,17,case2_stable,Case2-loop,0.1428442170428657,0.1678520432508174,-1.0756101473011073,1.992595146616996,1.786340657662093,2,0.38953248124158385,0.2434278658351825,0.24274957081550674,2.1441001242587308,1.596850992882647,-0.022087655126012923,-0.013511799250414167,16.188761708027197,6.600202879718306e-14,21.788653409389187,2.683822817088033,3.4128257762458807,2.091685714998845,3.3036870537883414,0,0,0,0,0,2,,
4,18,case2_stable,Case2-loop,0.1428442170428657,0.1678520432508174,-1.0756101473011073,1.992595146616996,1.786340657662093,2,0.38953248124158385,0.3286276188774964,0.3275861904329048,2.1937747675121395,1.5279874106759757,-0.03042986338107594,-0.01878491577080789,16.237784160371884,6.596971967356435e-14,21.790267071096377,2.66328495377385,3.388559030174208,2.062401195614451,3.271281764830288,0,0,0,0,0,2,,
4,19,case2_stable,Case2-loop,0.1428442170428657,0.1678520432508174,-1.0756101473011073,1.992595146616996,1.786340657662093,2,0.38953248124158385,0.4436472854846202,0.442149142813513,2.2580937309796614,1.4329329265091177,-0.04213595896431006,-0.026334517865728914,16.329508658707667,1.598610091427537e-11,21.793185095392737,2.6356229507409417,3.356468387604815,2.0242893849523007,3.2268166201344215,0,0,0,0,0,2,,
4,20,case2_stable,Case2-loop,0.1428442170428657,0.1678520432508174,-1.0756101473011073,1.992595146616996,1.786340657662093,2,0.38953248124158385,0.5989238354042373,0.5970654190244276,2.3399090130518756,1.3007675958035847,-0.0586234995806536,-0.037258034470782325,16.50624402806176,8.787237351694175e-13,21.79847166786581,2.597914278337128,3.3139202375709496,1.975118500757127,3.1653333382156825,0,0,0,0,0,2,,
5,1,case1_saddlecentre,Case1-arc,0.3477767952220379,-1.006782941081792,1.018323158537207,-0.9677376502018804,0.5129816330587466,1,3.7384105732230903,0.002,0.000534580167393098,-0.9677377507106952,0.5128959218432242,-0.001998160466704202,2.8919595200224562e-06,1.6807116535107098,7.324596047116911e-12,13.429934114833362,1.1450860316069549,0.5139035702124571,1.041759783423153,0.5067526060135041,0,0,0,0,0,2,,
5,2,case1_saddlecentre,Case1-arc,0.3477767952220379,-1.006782941081792,1.018323158537207,-0.9677376502018804,0.5129816330587466,1,3.7384105732230903,0.0027,0.000721724344141257,-0.9677377821198485,0.512865919067525,-0.0026975164017128237,3.950415777764173e-06,1.6807127335135603,7.4847386355881e-12,13.429931028219357,1.1449270040001522,0.5138715331738056,1.0415857780698237,0.5067193579774933,0,0,0,0,0,2,,
5,3,case1_saddlecentre,Case1-arc,0.3477767952220379,-1.006782941081792,1.018323158537207,-0.9677376502018804,0.5129816330587466,1,3.7384105732230903,0.0036450000000000002,0.0009744029807090013,-0.9677378214181513,0.5128254121110878,-0.0036416467243025863,5.417422426670347e-06,1.6807147018086144,8.572113606473401e-13,13.429925402911673,1.1447122968182377,0.5138282964327109,1.0413508491175243,0.5066745019697986,0,0,0,0,0,2,,
5,4,case1_saddlecentre,Case1-arc,0.3477767952220379,-1.006782941081792,1.018323158537207,-0.9677376502018804,0.5129816330587466,1,3.7384105732230903,0.004920750000000001,0.0013155813627062684,-0.9677378688076913,0.5127707218090929,-0.004916222311397353,7.467350709794817e-06,1.6807182890072427,1.3600943972205861e-12,13.429915150903431,1.144422405604194,0.5137699486023879,1.0410336552304849,0.5066139987059992,0,0,0,0,0,2,,
5,5,case1_saddlecentre,Case1-arc,0.3477767952220379,-1.006782941081792,1.018323158537207,-0.9677376502018804,0.5129816330587466,1,3.7384105732230903,0.006643012500000002,0.0017762862224584574,-0.9677379224475288,0.5126968789763968,-0.00663689871230418,1.0361483265790315e-05,1.6807248266463508,2.3120510145475885e-12,13.429896466904838,1.1440309853485298,0.5136912192397298,1.0406053704365035,0.5065324091710961,0,0,0,0,0,2,,
5,6,case1_saddlecentre,Case1-arc,0.3477767952220379,-1.006782941081792,1.018323158537207,-0.9677376502018804,0.5129816330587466,1,3.7384105732230903,0.008968066875000003,0.0023984472148015977,-0.9677379759869063,0.5125971708657118,-0.008959810667554434,1.449982887824249e-05,1.6807367414760674,5.8629522357939584e-12,13.42986241603345,1.1435024442978519,0.5135850091489191,1.0400270515845966,0.5064224296307492,0,0,0,0,0,2,,
5,7,case1_saddlecentre,Case1-arc,0.3477767952220379,-1.006782941081792,1.018323158537207,-0.9677376502018804,0.5129816330587466,1,3.7384105732230903,0.012106890281250005,0.0032387501588027156,-0.9677380137745382,0.5124625270182782,-0.012095739604965256,2.05088343898935e-05,1.680758456401957,7.597842912713771e-11,13.429800360119918,1.1427886850074382,0.5134417604612009,1.0392460731376254,0.5062742584262969,0,0,0,0,0,2,,
5,8,case1_saddlecentre,Case1-arc,0.3477767952220379,-1.006782941081792,1.018323158537207,-0.9677376502018804,0.5129816330587466,1,3.7384105732230903,0.01634430187968751,0.004373871567371143,-0.9677380017014618,0.5122806864751045,-0.016329239556636115,2.9392406706459464e-05,1.6807980327574934,1.0518573385886226e-11,13.429687267770879,1.1418246843949695,0.5132485995325005,1.0381912926427561,0.5060747667270512,0,0,0,0,0,2,,
5,9,case1_saddlecentre,Case1-arc,0.3477767952220379,-1.006782941081792,1.018323158537207,-0.9677376502018804,0.5129816330587466,1,3.7384105732230903,0.022064807537578137,0.00590760780604883,-0.967737869854242,0.5120350660792169,-0.022044456745969696,4.279591753496678e-05,1.6808701650990767,8.960750421628352e-12,13.429481168587024,1.1405224870596087,0.512988225741897,1.0367664825525629,0.5058063621914933,0,0,0,0,0,2,,
5,10,case1_saddlecentre,Case1-arc,0.3477767952220379,-1.006782941081792,1.018323158537207,-0.9677376502018804,0.5129816330587466,1,3.7384105732230903,0.029787490175730486,0.007980620991122851,-0.9677374798351013,0.5117032174091034,-0.02975998522317547,6.347377672999359e-05,1.6810016439113298,1.0352572436738095e-11,13.429105582817508,1.138763017160555,0.5126373771905063,1.0348413815897144,0.5054456578133946,0,0,0,0,0,2,,
5,11,case1_saddlecentre,Case1-arc,0.3477767952220379,-1.006782941081792,1.018323158537207,-0.9677376502018804,0.5129816330587466,1,3.7384105732230903,0.04021311173723616,0.010783836419922989,-0.9677365632445267,0.5112547114420627,-0.04017592030925678,9.612785255468373e-05,1.6812413300117006,7.3533613512215e-12,13.428421156217063,1.1363848248447872,0.5121648129505514,1.0322393839801502,0.5049614754006094,0,0,0,0,0,2,,
5,12,case1_saddlecentre,Case1-arc,0.3477767952220379,-1.006782941081792,1.018323158537207,-0.9677376502018804,0.5129816330587466,1,3.7384105732230903,0.054287700845268815,0.01457702404046928,-0.9677346056100848,0.5106482133615984,-0.05423737723275056,0.0001489290191248995,1.6816783954599328,2.0881270800389733e-12,13.427173997430113,1.1331685641528895,0.5115285080016476,1.0287205645128343,0.5043124090668957,0,0,0,0,0,2,,
5,13,case1_saddlecentre,Case1-arc,0.3477767952220379,-1.006782941081792,1.018323158537207,-0.9677376502018804,0.5129816330587466,1,3.7384105732230903,0.0732883961411129,0.019715398729082654,-0.9677306259192807,0.509827379710137,-0.07322023367491175,0.00023631525862258644,1.682475782378989,8.413474042448289e-12,13.4249016165668,1.1288155372823085,0.5106718637885364,1.0239585199741221,0.5034435478699018,0,0,0,0,0,2,,
5,14,case1_saddlecentre,Case1-arc,0.3477767952220379,-1.006782941081792,1.018323158537207,-0.9677376502018804,0.5129816330587466,1,3.7384105732230903,0.09893933479050243,0.02668601833067517,-0.9677227528043648,0.5087149701819405,-0.09884686523684447,0.00038422195522099244,1.6839319132099562,1.244525423534095e-11,13.420761772697919,1.1229167266718127,0.5095180984662525,1.0175065529815652,0.5022820305948866,0,0,0,0,0,2,,
5,15,case1_saddlecentre,Case1-arc,0.3477767952220379,-1.006782941081792,1.018323158537207,-0.9677376502018804,0.5129816330587466,1,3.7384105732230903,0.1335681019671783,0.0361643642711302,-0.9677073937131824,0.5072040839549955,-0.13344234937186047,0.000640078585020749,1.6865956515410452,4.704844827147977e-12,13.413221375872858,1.1149075989365602,0.5079620929684561,1.0087480162698488,0.5007301340102736,0,0,0,0,0,2,,
5,16,case1_saddlecentre,Case1-arc,0.3477767952220379,-1.006782941081792,1.018323158537207,-0.9677376502018804,0.5129816330587466,1,3.7384105732230903,0.18031693765569073,0.04910158662020253,-0.9676775551237962,0.5051443737228208,-0.18014524831157508,0.0010925495763906487,1.6914843797244208,2.4256156807957923e-12,13.39949208668079,1.1039966159469996,0.5058572820157254,0.9968235244113101,0.49865561565135974,0,0,0,0,0,2,,
5,17,case1_saddlecentre,Case1-arc,0.3477767952220379,-1.006782941081792,1.018323158537207,-0.9677376502018804,0.5129816330587466,1,3.7384105732230903,0.2434278658351825,0.06686776440285598,-0.9676192789916983,0.5023185755405845,-0.24319193804025946,0.0019125087192903472,1.7005113516184818,7.365384655936529e-11,13.374510017983166,1.089051846285762,0.5029928247416973,0.9805077692612585,0.4958744491909564,0,0,0,0,0,2,,
5,18,case1_saddlecentre,Case1-arc,0.3477767952220379,-1.006782941081792,1.018323158537207,-0.9677376502018804,0.5129816330587466,1,3.7384105732230903,0.3286276188774964,0.09152051061379483,-0.9675034966625798,0.49839815384051056,-0.3282998590439651,0.0034449080090587884,1.717372781333873,1.607446999798706e-12,13.329104448971032,1.068377529002749,0.49905052241862613,0.957991091176636,0.4921208398949945,0,0,0,0,0,2,,
6,1,case2_saddlecentre,Case2-loop,0.4999705418238708,0.512349544633668,-0.888443957037037,0.3479389102248585,-0.6387659215728101,1,7.435262850262255,0.002,0.00026898734328801487,0.34792611125178113,-0.6387456314015965,0.0016731819111516536,0.0010955477419392736,0.8450523701338903,1.7368412287951846e-12,24.29419821189435,0.6413262496326887,1.4914887373005827,1.5775160711720826,0.2989240620698131,0,0,0,0,0,2,,
6,2,case2_saddlecentre,Case2-loop,0.4999705418238708,0.512349544633668,-0.888443957037037,0.3479389102248585,-0.6387659215728101,1,7.435262850262255,0.0027,0.00036313612530905606,0.34792163966686107,-0.6387385418482414,0.002258796347658245,0.0014789885832862941,0.8450525014498004,4.108517771937892e-12,24.294194974624013,0.6413178477417203,1.4914391920481487,1.5774822626205003,0.29891562707699715,0,0,0,0,0,2,,
6,3,case2_saddlecentre,Case2-loop,0.4999705418238708,0.512349544633668,-0.888443957037037,0.3479389102248585,-0.6387659215728101,1,7.435262850262255,0.0036450000000000002,0.0004902396464483972,0.34791560965169477,-0.6387289808248577,0.003049376468132064,0.0019966330051087297,0.8450527407858788,1.2893608590819643e-11,24.294189074543038,0.6413065172750457,1.491372332085979,1.5774366502192287,0.29890422755846224,0,0,0,0,0,2,,
6,4,case2_saddlecentre,Case2-loop,0.4999705418238708,0.512349544633668,-0.888443957037037,0.3479389102248585,-0.6387659215728101,1,7.435262850262255,0.004920750000000001,0.0006618342922752626,0.3479074812019082,-0.6387160914350768,0.004116660784277149,0.0026954516683509074,0.8450531770392946,8.000491889193741e-11,24.294178321262624,0.6412912431682839,1.4912821187525545,1.577375126586773,0.2988888158253602,0,0,0,0,0,2,,
6,5,case2_saddlecentre,Case2-loop,0.4999705418238708,0.512349544633668,-0.888443957037037,0.3479389102248585,-0.6387659215728101,1,7.435262850262255,0.006643012500000002,0.0008934960656913147,0.3478965297931743,-0.6386987235456933,0.00555749668483247,0.003638854527080477,0.8450539719361896,1.9600496518014056e-12,24.29415872246835,0.6412706632581279,1.4911604175142792,1.5772921664639519,0.2988679691783339,0,0,0,0,0,2,,
6,6,case2_saddlecentre,Case2-loop,0.4999705418238708,0.512349544633668,-0.888443957037037,0.3479389102248585,-0.6387659215728101,1,7.435262850262255,0.008968066875000003,0.0012062560739304492,0.34788178546696635,-0.638675336629888,0.007502628962580945,0.00491244407701836,0.8450554208907987,1.0843976100032474e-11,24.294123001355704,0.6412429534113676,1.490996278941624,1.5771803466545038,0.2988397517972423,0,0,0,0,0,2,,
6,7,case2_saddlecentre,Case2-loop,0.4999705418238708,0.512349544633668,-0.888443957037037,0.3479389102248585,-0.6387659215728101,1,7.435262850262255,0.012106890281250005,0.001628512880197717,0.3478619536411096,-0.638643873126042,0.010128564451015997,0.006631782167086102,0.845058061854777,6.2939524366585595e-12,24.294057893958435,0.6412056771795295,1.4907749799277679,1.577029711257141,0.29880152263650034,0,0,0,0,0,2,,
6,8,case2_saddlecentre,Case2-loop,0.4999705418238708,0.512349544633668,-0.888443957037037,0.3479389102248585,-0.6387659215728101,1,7.435262850262255,0.01634430187968751,0.0021986169622187175,0.347835313681725,-0.6386015956545464,0.013673589920888997,0.008952874427285661,0.845062875623085,9.346356600634871e-12,24.293939221825184,0.6411555959238188,1.4904767510674952,1.576826938968015,0.29874966574425615,0,0,0,0,0,2,,
6,9,case2_saddlecentre,Case2-loop,0.4999705418238708,0.512349544633668,-0.888443957037037,0.3479389102248585,-0.6387659215728101,1,7.435262850262255,0.022064807537578137,0.0029683651994536226,0.34779959198446114,-0.6385448821789317,0.01845939710110119,0.012086323311365452,0.8450716502527671,3.3488243413163626e-13,24.293722907815404,0.6410884263823046,1.4900750981386168,1.5765542630776481,0.2986792072831008,0,0,0,0,0,2,,
6,10,case2_saddlecentre,Case2-loop,0.4999705418238708,0.512349544633668,-0.888443957037037,0.3479389102248585,-0.6387659215728101,1,7.435262850262255,0.029787490175730486,0.0040077293563164805,0.34775180881517653,-0.638468976589117,0.024920278102636636,0.016316432879015446,0.8450876459145222,3.1594270203306157e-13,24.293328592282197,0.640998549035423,1.4895346080303957,1.576188093817483,0.2985832638711633,0,0,0,0,0,2,,
6,11,case2_saddlecentre,Case2-loop,0.4999705418238708,0.512349544633668,-0.888443957037037,0.3479389102248585,-0.6387659215728101,1,7.435262850262255,0.04021311173723616,0.005411261821304766,0.3476881045768647,-0.6383677012633684,0.03364254215874323,0.022026997047048316,0.845116807980951,1.4801152272112555e-11,24.292609749105985,0.6408786738560871,1.4888081175836414,1.5756973047747778,0.29845223428446804,0,0,0,0,0,2,,
6,12,case2_saddlecentre,Case2-loop,0.4999705418238708,0.512349544633668,-0.888443957037037,0.3479389102248585,-0.6387659215728101,1,7.435262850262255,0.054287700845268815,0.007306789851048035,0.34760356522957503,-0.6382331584948865,0.04541773335783702,0.02973610816333773,0.8451699816522773,5.8916619502770084e-12,24.291299163310857,0.6407194981046662,1.4878331294668359,1.5750411857190036,0.2982725913226514,0,0,0,0,0,2,,
6,13,case2_saddlecentre,Case2-loop,0.4999705418238708,0.512349544633668,-0.888443957037037,0.3479389102248585,-0.6387659215728101,1,7.435262850262255,0.0732883961411129,0.00986725211308315,0.34749209533377146,-0.638055489715097,0.06131448351228673,0.04014313907813497,0.845266958402339,8.583888402445554e-11,24.288909423547036,0.640509410157877,1.4865274063117107,1.5741671138082922,0.2980250349120971,0,0,0,0,0,2,,
6,14,case2_saddlecentre,Case2-loop,0.4999705418238708,0.512349544633668,-0.888443957037037,0.3479389102248585,-0.6387659215728101,1,7.435262850262255,0.09893933479050243,0.013326895263830203,0.34734644361638856,-0.6378228445959979,0.08277552877566009,0.0541921531667095,0.8454438793332317,4.506220047461078e-11,24.284551238121082,0.6402345371800636,1.4847838101237834,1.5730083771214196,0.2976815980254207,0,0,0,0,0,2,,
6,15,case2_saddlecentre,Case2-loop,0.4999705418238708,0.512349544633668,-0.888443957037037,0.3479389102248585,-0.6387659215728101,1,7.435262850262255,0.1335681019671783,0.018003625825030994,0.34715859403593036,-0.6375218721800503,0.11174870729511313,0.0731574829860111,0.845766810050928,5.56855582024082e-12,24.27660154588221,0.6398793445568363,1.4824647709351422,1.5714828673056513,0.29720098289077934,0,0,0,0,0,2,,
7,1,case1_res_3to2,Case1-arc,0.6781655438965968,-0.7439605555266855,0.7440012867110798,2.062021518440736,-0.756304859016368,1,0.850930666788965,0.002,0.0018595360162550062,2.061513214160151,-0.7580794240826726,-0.0007703914031474915,4.58896222453247e-05,7.383897962362188,8.081144301990028e-14,15.252349197954361,2.1630669097258473,3.153146419079893,2.6438300704222297,3.18098386238018,0,0,0,0,0,2,,
7,2,case1_res_3to2,Case1-arc,0.6781655438965968,-0.7439605555266855,0.7440012867110798,2.062021518440736,-0.756304859016368,1,0.850930666788965,0.0027,0.002510389663301703,2.0613351437142367,-0.7587004634571645,-0.0010400602834086494,6.186509745803374e-05,7.3838978748580795,6.729347500562201e-14,15.252348966210183,2.162758757624839,3.1528334620082634,2.643470077600582,3.180665141016384,0,0,0,0,0,2,,
7,3,case1_res_3to2,Case1-arc,0.6781655438965968,-0.7439605555266855,0.7440012867110798,2.062021518440736,-0.756304859016368,1,0.850930666788965,0.0036450000000000002,0.0033890552332821585,2.061094613758732,-0.7595388185077873,-0.0014041396598245342,8.336146056780638e-05,7.383897715329337,1.8460678827914937e-14,15.2523485439255,2.162342798918968,3.152411007585296,2.6429841635289777,3.1802349283870974,0,0,0,0,0,2,,
7,4,case1_res_3to2,Case1-arc,0.6781655438965968,-0.7439605555266855,0.7440012867110798,2.062021518440736,-0.756304859016368,1,0.850930666788965,0.004920750000000001,0.00457527764283397,2.0607696525388306,-0.760670510049861,-0.0018956951425268126,0.00011225318556019993,7.383897424703984,3.783506998241266e-14,15.252347774481375,2.1617813395978667,3.151840762621071,2.6423283184148048,3.1796542528409075,0,0,0,0,0,2,,
7,5,case1_res_3to2,Case1-arc,0.6781655438965968,-0.7439605555266855,0.7440012867110798,2.062021518440736,-0.756304859016368,1,0.850930666788965,0.006643012500000002,0.006176721264906488,2.0603305069351188,-0.7621981334013488,-0.002559383686716542,0.00015102349444555622,7.3838968952490065,5.34588719996684e-14,15.252346372586123,2.16102352417406,3.1510710566191835,2.641443180474869,3.178870543932422,0,0,0,0,0,2,,
7,6,case1_res_3to2,Case1-arc,0.6781655438965968,-0.7439605555266855,0.7440012867110798,2.062021518440736,-0.756304859016368,1,0.850930666788965,0.008968066875000003,0.008338748776107916,2.059736843913587,-0.7642601322721773,-0.0034555261758134016,0.00020293887051330432,7.38389593066662,4.6930085902641405e-14,15.25234381865435,2.160000754902828,3.1500321804033824,2.640248704915941,3.1778129066824095,0,0,0,0,0,2,,
7,7,case1_res_3to2,Case1-arc,0.6781655438965968,-0.7439605555266855,0.7440012867110798,2.062021518440736,-0.756304859016368,1,0.850930666788965,0.012106890281250005,0.011257628174918915,2.058933910710145,-0.7670432958301148,-0.0046656189679004185,0.0002722534884509789,7.383894173719449,9.089668964687631e-14,15.252339166619524,2.158620528734362,3.1486301100802554,2.638637001558759,3.1763857694873567,0,0,0,0,0,2,,
7,8,case1_res_3to2,Case1-arc,0.6781655438965968,-0.7439605555266855,0.7440012867110798,2.062021518440736,-0.756304859016368,1,0.850930666788965,0.01634430187968751,0.01519837210471969,2.05784723846459,-0.7707995879278613,-0.0062998002375217075,0.0003644292000211408,7.383890974162665,3.7287209239950194e-13,15.252330694419955,2.1567581552435664,3.146738064750883,2.636462728229083,3.174460358951542,0,0,0,0,0,2,,
7,9,case1_res_3to2,Case1-arc,0.6781655438965968,-0.7439605555266855,0.7440012867110798,2.062021518440736,-0.756304859016368,1,0.850930666788965,0.022064807537578137,0.020518838129369613,2.0563752868106726,-0.7758687892127117,-0.008506979023655018,0.00048633244325408146,7.383885149100707,2.0888298734459187e-12,15.252315268823887,2.154245644583298,3.1441851640471077,2.6335302352294048,3.171863281687425,0,0,0,0,0,2,,
7,10,case1_res_3to2,Case1-arc,0.6781655438965968,-0.7439605555266855,0.7440012867110798,2.062021518440736,-0.756304859016368,1,0.850930666788965,0.029787490175730486,0.027702293581701475,2.054379139731267,-0.7827089202231229,-0.011488605857600429,0.0006463226011687812,7.383874548051513,1.4012356203811954e-11,15.25228719220557,2.150856830067936,3.140741213608117,2.6295764153247183,3.168361273634004,0,0,0,0,0,2,,
7,11,case1_res_3to2,Case1-arc,0.6781655438965968,-0.7439605555266855,0.7440012867110798,2.062021518440736,-0.756304859016368,1,0.850930666788965,0.04021311173723616,0.037401896838782055,2.051667912442385,-0.7919370438283085,-0.015517453961621451,0.000854060068990612,7.383855269902912,4.376190926452065e-14,15.252236111306718,2.146287505803562,3.1360963393754178,2.6242479204847267,3.1636409064654636,0,0,0,0,0,2,,
7,12,case1_res_3to2,Case1-arc,0.6781655438965968,-0.7439605555266855,0.7440012867110798,2.062021518440736,-0.756304859016368,1,0.850930666788965,0.054287700845268815,0.05049933822175105,2.0479778064499325,-0.8043838424482993,-0.020963358422200488,0.0011197104361071388,7.383820235090355,3.5430288055489996e-14,15.252143230926348,2.140129008552544,3.129833800047734,2.6170710668861266,3.157281718998099,0,0,0,0,0,2,,
7,13,case1_res_3to2,Case1-arc,0.6781655438965968,-0.7439605555266855,0.7440012867110798,2.062021518440736,-0.756304859016368,1,0.850930666788965,0.0732883961411129,0.06818608378206188,2.042941566415107,-0.82116633607058,-0.02832875324251196,0.0014519683193369858,7.383756646301309,3.065923388949671e-14,15.251974471885724,2.131833253383147,3.121393815016513,2.607412387369568,3.1487208825297412,0,0,0,0,0,2,,
7,14,case1_res_3to2,Case1-arc,0.6781655438965968,-0.7439605555266855,0.7440012867110798,2.062021518440736,-0.756304859016368,1,0.850930666788965,0.09893933479050243,0.09207213175604487,2.0360431185651664,-0.8437842077520973,-0.038298295659027044,0.0018539377487066526,7.38364144110729,3.349589763181107e-13,15.251668135808979,2.120666754355954,3.1100256330134184,2.59442746267446,3.137207148783556,0,0,0,0,0,2,,
7,15,case1_res_3to2,Case1-arc,0.6781655438965968,-0.7439605555266855,0.7440012867110798,2.062021518440736,-0.756304859016368,1,0.850930666788965,0.1335681019671783,0.12433828561414101,2.0265488302755075,-0.8742462693960222,-0.05180936164597296,0.002315407970300543,7.383433295028687,6.019722067603173e-11,15.251112723698219,2.1056506490885574,3.0947242986375767,2.5769954767868137,3.121741536593064,0,0,0,0,0,2,,
7,16,case1_res_3to2,Case1-arc,0.6781655438965968,-0.7439605555266855,0.7440012867110798,2.062021518440736,-0.756304859016368,1,0.850930666788965,0.18031693765569073,0.16792823257288264,2.0134011293418195,-0.9152341965075083,-0.07015474535631781,0.0027997023951935934,7.383058837100546,3.400598461339587e-14,15.25010714691951,2.085483230903846,3.0741475499899615,2.553636857957339,3.1010020894269354,0,0,0,0,0,2,,
7,17,case1_res_3to2,Case1-arc,0.6781655438965968,-0.7439605555266855,0.7440012867110798,2.062021518440736,-0.756304859016368,1,0.850930666788965,0.2434278658351825,0.22683516607024495,1.9950504892221184,-0.9703097869514842,-0.09513759279063877,0.0032240200733462928,7.382389709800566,1.1732801420874776e-11,15.248289459590259,2.0584409621612223,3.0465066840127384,2.5224104678693475,3.073250154959575,0,0,0,0,0,2,,
7,18,case1_res_3to2,Case1-arc,0.6781655438965968,-0.7439605555266855,0.7440012867110798,2.062021518440736,-0.756304859016368,1,0.850930666788965,0.3286276188774964,0.3064748644502155,1.969185405040335,-1.0441675800069263,-0.12931569743622628,0.0034370026124984814,7.381207025977768,4.6293653579045604e-14,15.24500905387093,2.0222496037165776,3.009422070537864,2.480797549306581,3.0362158061405493,0,0,0,0,0,2,,
7,19,case1_res_3to2,Case1-arc,0.6781655438965968,-0.7439605555266855,0.7440012867110798,2.062021518440736,-0.756304859016368,1,0.850930666788965,0.4436472854846202,0.4141994066585742,1.9322935276066817,-1.1429228749158944,-0.1764059265678706,0.0032141196655659813,7.379154121772808,6.823119123965671e-14,15.23909588032442,1.973927461913174,2.9597263488662877,2.4255572748406187,2.9869544188322625,0,0,0,0,0,2,,
7,20,case1_res_3to2,Case1-arc,0.6781655438965968,-0.7439605555266855,0.7440012867110798,2.062021518440736,-0.756304859016368,1,0.850930666788965,0.5989238354042373,0.5600478789333513,1.8789486275869351,-1.2744002957001241,-0.24198358753021001,0.002339123732437131,7.375699392098062,5.873256795782329e-14,15.228436660973584,1.909570420506757,2.8931777838451773,2.3525462465482216,2.9216805800006704,0,0,0,0,0,2,,
8,1,case1_res_3to2,Case1-arc,0.6781655438965968,-0.7439605555266855,0.7440012867110798,2.062021518440736,-0.756304859016368,2,0.5644743840339647,0.002,0.0019662003476586046,2.0626473470900315,-0.7544446032386707,0.0003884975825245666,-7.57241779520818e-05,11.131038374701603,1.2227483304290873e-13,15.252349635971509,2.1632498980614874,3.153321473524845,2.6439407494407874,3.1811498281670416,0,0,0,0,0,2,,
8,2,case1_res_3to2,Case1-arc,0.6781655438965968,-0.7439605555266855,0.7440012867110798,2.062021518440736,-0.756304859016368,2,0.5644743840339647,0.0027,0.002654845418408781,2.0628661019592593,-0.7537934199750519,0.0005244456891900807,-0.00010225271672658249,11.131039428637928,3.82514684051861e-14,15.252349764498746,2.163005612600165,3.153069588944678,2.6436193379584942,3.1808890371820744,0,0,0,0,0,2,,
8,3,case1_res_3to2,Case1-arc,0.6781655438965968,-0.7439605555266855,0.7440012867110798,2.062021518440736,-0.756304859016368,2,0.5644743840339647,0.0036450000000000002,0.0035849072036253137,2.0631611864954382,-0.7529142454798659,0.0007079542609100089,-0.00013808689454660405,11.131041350032284,7.993446726474694e-14,15.25234999881232,2.1626757263406464,3.152729420608586,2.64318538012341,3.1805369008807745,0,0,0,0,0,2,,
8,4,case1_res_3to2,Case1-arc,0.6781655438965968,-0.7439605555266855,0.7440012867110798,2.062021518440736,-0.756304859016368,2,0.5644743840339647,0.004920750000000001,0.004841203530903014,2.063559123182493,-0.7517272194350335,0.0009556519568794282,-0.00018650070652206818,11.13104485326452,5.5222298494863534e-14,15.252350426027895,2.1622301958825108,3.1522699668738223,2.642599441606314,3.180061392001707,0,0,0,0,0,2,,
8,5,case1_res_3to2,Case1-arc,0.6781655438965968,-0.7439605555266855,0.7440012867110798,2.062021518440736,-0.756304859016368,2,0.5644743840339647,0.006643012500000002,0.006538503923445253,2.0640955587243646,-0.7501244783027452,0.0012899731795715237,-0.0002519280990405788,11.131051241479405,8.522805357615392e-14,15.252351205069772,2.1616283940596412,3.1516492910454406,2.6418082505177196,3.17941922722996,0,0,0,0,0,2,,
8,6,case1_res_3to2,Case1-arc,0.6781655438965968,-0.7439605555266855,0.7440012867110798,2.062021518440736,-0.756304859016368,2,0.5644743840339647,0.008968066875000003,0.008832231951151471,2.064818327047281,-0.7479603113789166,0.0017411784919483502,-0.0003403805875602795,11.131062892931103,3.672666466996783e-14,15.252352625962793,2.1608153489135917,3.150810624167068,2.640739824895444,3.178551889144153,0,0,0,0,0,2,,
8,7,case1_res_3to2,Case1-arc,0.6781655438965968,-0.7439605555266855,0.7440012867110798,2.062021518440736,-0.756304859016368,2,0.5644743840339647,0.012106890281250005,0.011933095098301776,2.065791477056433,-0.7450378363028312,0.002350072874632066,-0.0004600207197531662,11.13108414955623,1.7752671698608104e-13,15.252355218229924,2.1597166192113417,3.149677045581704,2.63929687046276,3.177380223966171,0,0,0,0,0,2,,
8,8,case1_res_3to2,Case1-arc,0.6781655438965968,-0.7439605555266855,0.7440012867110798,2.062021518440736,-0.756304859016368,2,0.5644743840339647,0.01634430187968751,0.016127168205661107,2.067100514582598,-0.7410909469912618,0.00317165874145527,-0.0006219540458471528,11.131122943724025,7.186048248596041e-13,15.252359949286882,2.158231289893158,3.1481441945994284,2.6373478229421816,3.175797090035045,0,0,0,0,0,2,,
8,9,case1_res_3to2,Case1-arc,0.6781655438965968,-0.7439605555266855,0.7440012867110798,2.062021518440736,-0.756304859016368,2,0.5644743840339647,0.022064807537578137,0.021803618165426433,2.068859122711133,-0.7357598268925079,0.004280037994700221,-0.000841331080423139,11.131193779422992,1.015077353976595e-11,15.252368588109064,2.15622235659507,3.1460702188748675,2.634714673068177,3.173657325662913,0,0,0,0,0,2,,
8,10,case1_res_3to2,Case1-arc,0.6781655438965968,-0.7439605555266855,0.7440012867110798,2.062021518440736,-0.756304859016368,2,0.5644743840339647,0.029787490175730486,0.029493259927748372,2.071217584943189,-0.7285576800836006,0.005774977926475122,-0.0011388956072005067,11.131323205747478,1.852322901799209e-14,15.252384373252367,2.1535034501707493,3.14326187788867,2.631156378966341,3.1707640072239647,0,0,0,0,0,2,,
8,11,case1_res_3to2,Case1-arc,0.6781655438965968,-0.7439605555266855,0.7440012867110798,2.062021518440736,-0.756304859016368,2,0.5644743840339647,0.04021311173723616,0.039923139273020644,2.0743729731914575,-0.7188254332724345,0.007790685182252325,-0.0015431874550694948,11.131559899298509,6.8131842159581994e-15,15.252413243507261,2.1498203671430582,3.139455057358975,2.626346192383329,3.166849529413378,0,0,0,0,0,2,,
8,12,case1_res_3to2,Case1-arc,0.6781655438965968,-0.7439605555266855,0.7440012867110798,2.062021518440736,-0.756304859016368,2,0.5644743840339647,0.054287700845268815,0.05409367135291017,2.0785807447150084,-0.7056698841499732,0.01050749733097503,-0.0020937259539977734,11.131993289866138,1.24763169740967e-13,15.25246611422402,2.144825110463178,3.1342871804099643,2.619840526883593,3.1615493767381766,0,0,0,0,0,2,,
8,13,case1_res_3to2,Case1-arc,0.6781655438965968,-0.7439605555266855,0.7440012867110798,2.062021518440736,-0.756304859016368,2,0.5644743840339647,0.0732883961411129,0.0733888150345374,2.0841664646618066,-0.6878789317831332,0.014167411686600274,-0.0028456995052725345,11.132788155318389,3.1243708479923744e-13,15.252563111709401,2.1380389045523573,3.127257507208531,2.6110359490773964,3.15436542120913,0,0,0,0,0,2,,
8,14,case1_res_3to2,Case1-arc,0.6781655438965968,-0.7439605555266855,0.7440012867110798,2.062021518440736,-0.756304859016368,2,0.5644743840339647,0.09893933479050243,0.09974711982527303,2.091534451314069,-0.6638048317643259,0.01909463945966351,-0.0038770295875782197,11.134249294804713,1.7270804133140246e-11,15.252741513497856,2.128798542106298,3.1176687547098214,2.59910844095994,3.1446139054026223,0,0,0,0,0,2,,
8,15,case1_res_3to2,Case1-arc,0.6781655438965968,-0.7439605555266855,0.7440012867110798,2.062021518440736,-0.756304859016368,2,0.5644743840339647,0.1335681019671783,0.13590698596035844,2.1011663116421015,-0.6312023979966215,0.025722720490871414,-0.005299271630928296,11.136943543716653,3.51097832175452e-14,15.253070810343054,2.1161766569275,3.1045387709891568,2.582929662965207,3.131350417127838,0,0,0,0,0,2,,
8,16,case1_res_3to2,Case1-arc,0.6781655438965968,-0.7439605555266855,0.7440012867110798,2.062021518440736,-0.756304859016368,2,0.5644743840339647,0.18031693765569073,0.18581321550187851,2.113594824037562,-0.5870029174000571,0.03463017870191196,-0.007274823547725968,11.141932843857191,7.046760798438836e-14,15.25368175974096,2.098859371841887,3.0864616898205095,2.5609455696304497,3.1132589931542003,0,0,0,0,0,2,,
8,17,case1_res_3to2,Case1-arc,0.6781655438965968,-0.7439605555266855,0.7440012867110798,2.062021518440736,-0.756304859016368,2,0.5644743840339647,0.2434278658351825,0.2552770779546326,2.1293238788033593,-0.5269947816892491,0.046587159675352666,-0.010044475365547534,11.15122713458115,8.235842715194995e-14,15.254823822728204,2.074950138868241,3.061377987648011,2.530990410450546,3.0884818750928185,0,0,0,0,0,2,,
8,18,case1_res_3to2,Case1-arc,0.6781655438965968,-0.7439605555266855,0.7440012867110798,2.062021518440736,-0.756304859016368,2,0.5644743840339647,0.3286276188774964,0.3531430770381383,2.148635451705173,-0.4453654306453273,0.06261521630026745,-0.013971003381060733,11.168685305946635,1.0184541900585686e-12,15.256982905014514,2.0416356570674625,3.026163927469219,2.490016426719737,3.0543428957223697,0,0,0,0,0,2,,
8,19,case1_res_3to2,Case1-arc,0.6781655438965968,-0.7439605555266855,0.7440012867110798,2.062021518440736,-0.756304859016368,2,0.5644743840339647,0.4436472854846202,0.4934980885727033,2.1711600406817206,-0.3340284469765398,0.08405719190554527,-0.019602351845019017,11.201866134860534,7.772808214594902e-14,15.261135837217383,1.994566439741256,2.9758202108079885,2.433619100936524,3.0068708930373096,0,0,0,0,0,2,,
8,20,case1_res_3to2,Case1-arc,0.6781655438965968,-0.7439605555266855,0.7440012867110798,2.062021518440736,-0.756304859016368,2,0.5644743840339647,0.5989238354042373,0.7003487627650419,2.1949224941625154,-0.18158927364202862,0.1126246057119897,-0.027730487339029136,11.265992776948012,1.820280482188926e-14,15.269342509229066,1.9265258203358695,2.9016357103328785,2.3551684104070234,2.9398161532006792,0,0,0,0,0,2,,
8,21,case1_res_3to2,Case1-arc,0.6781655438965968,-0.7439605555266855,0.7440012867110798,2.062021518440736,-0.756304859016368,2,0.5644743840339647,0.8085471777957205,1.0186712066181878,2.214019239100113,0.028411092407106004,0.15027724118827435,-0.03926358068039782,11.392739171784719,1.5974123491061628e-14,15.286247278254582,1.8240842996569688,2.786047813851436,2.2436786486996616,2.8421776303591466,0,0,0,0,0,2,,
9,1,case2_res_2to1,Case2-loop,0.1964108915677412,0.2260243896731315,-1.0609576910316054,-1.7011057714902398,1.961871578396932,1,0.9171671955885509,0.002,0.0018437794485057636,-1.6996053051147377,1.9627761629196583,5.135755762219883e-05,-0.0009658489090016122,6.850642900198893,2.360933728534921e-14,20.35699782511989,2.6721411803848176,2.0823156716277085,2.0043278777447253,3.583955537997435,0,0,0,0,0,2,,
9,2,case2_res_2to1,Case2-loop,0.1964108915677412,0.2260243896731315,-1.0609576910316054,-1.7011057714902398,1.961871578396932,1,0.9171671955885509,0.0027,0.0024891548892545245,-1.699080008959265,1.9630927608751103,6.931675309035663e-05,-0.001303701537763864,6.850642675771131,7.088449365696206e-11,20.35699739300997,2.6718311069207212,2.0819418923469075,2.003978601728478,3.5836338999003896,0,0,0,0,0,2,,
9,3,case2_res_2to1,Case2-loop,0.1964108915677412,0.2260243896731315,-1.0609576910316054,-1.7011057714902398,1.961871578396932,1,0.9171671955885509,0.0036450000000000002,0.0033604550619210395,-1.6983707497779394,1.9635201627135046,9.354872311485889e-05,-0.001759642513610757,6.850641962918216,2.6711119251516515e-14,20.356996605661326,2.6714125806713422,2.0814374370605004,2.0035071146873875,3.583199778783083,0,0,0,0,0,2,,
9,4,case2_res_2to1,Case2-loop,0.1964108915677412,0.2260243896731315,-1.0609576910316054,-1.7011057714902398,1.961871578396932,1,0.9171671955885509,0.004920750000000001,0.004536788956971871,-1.6974130505474874,1.9640971448549067,0.00012623842827187354,-0.0023748715191972062,6.850640860361384,4.256024383467877e-14,20.356995171139484,2.67084770253599,2.0807566886493123,2.0028706718680396,3.582613879084349,0,0,0,0,0,2,,
9,5,case2_res_2to1,Case2-loop,0.1964108915677412,0.2260243896731315,-1.0609576910316054,-1.7011057714902398,1.961871578396932,1,0.9171671955885509,0.006643012500000002,0.00612498289896405,-1.696119793195391,1.9648760515851724,0.00017032730938398855,-0.003204899881179328,6.850638851744619,1.445618650326257e-14,20.356992557756868,2.6700853582032886,2.0798381636549728,2.0020115921523773,3.581823213144011,0,0,0,0,0,2,,
9,6,case2_res_2to1,Case2-loop,0.1964108915677412,0.2260243896731315,-1.0609576910316054,-1.7011057714902398,1.961871578396932,1,0.9171671955885509,0.008968066875000003,0.00826930502700913,-1.6943732332713213,1.9659275396426512,0.00022977157341953972,-0.0043244714269997245,6.850635193011744,2.881094038603729e-14,20.356987797400446,2.6690566323635765,2.078599038727609,2.0008520500309728,3.580756357936182,0,0,0,0,0,2,,
9,7,case2_res_2to1,Case2-loop,0.1964108915677412,0.2260243896731315,-1.0609576910316054,-1.7011057714902398,1.961871578396932,1,0.9171671955885509,0.012106890281250005,0.011164624374119045,-1.6920141694306443,1.967346980142276,0.00030988633189313856,-0.005834132669408308,6.850628529776755,2.5020817289946657e-14,20.356979127853354,2.667668651390709,2.0769278289942634,1.9992870615916307,3.579317093329322,0,0,0,0,0,2,,
9,8,case2_res_2to1,Case2-loop,0.1964108915677412,0.2260243896731315,-1.0609576910316054,-1.7011057714902398,1.961871578396932,1,0.9171671955885509,0.01634430187968751,0.015074214960492075,-1.6888272304385321,1.969263093548393,0.0004178026486344982,-0.007868970883592657,6.850616397808207,3.090848456476451e-13,20.356963342763297,2.6657963302219643,2.074674623672281,1.997175045931206,3.5773758874137513,0,0,0,0,0,2,,
9,9,case2_res_2to1,Case2-loop,0.1964108915677412,0.2260243896731315,-1.0609576910316054,-1.7011057714902398,1.961871578396932,1,0.9171671955885509,0.022064807537578137,0.02035376838967481,-1.6845208448957119,1.9718495911592737,0.0005630731425958529,-0.010610171486390835,6.85059431617946,1.887121008896541e-12,20.356934611402746,2.6632713380789603,2.0716381217730806,1.9943251390030583,3.5747585355116804,0,0,0,0,0,2,,
9,10,case2_res_2to1,Case2-loop,0.1964108915677412,0.2260243896731315,-1.0609576910316054,-1.7011057714902398,1.961871578396932,1,0.9171671955885509,0.029787490175730486,0.02748406987164273,-1.6786998936528412,1.9753408576836624,0.0007584744569633512,-0.014300187458484775,6.8505541431283365,1.2711691140128297e-11,20.356882338359217,2.659867396134241,2.0675485241331164,1.990480065130249,3.571231064976724,0,0,0,0,0,2,,
9,11,case2_res_2to1,Case2-loop,0.1964108915677412,0.2260243896731315,-1.0609576910316054,-1.7011057714902398,1.961871578396932,1,0.9171671955885509,0.04021311173723616,0.037115214697250314,-1.670828229021747,1.9800530503446017,0.0010210772650196974,-0.01926243493078038,6.850481100911979,8.992066858006074e-11,20.35678728827186,2.6552807786102566,2.0620451491542515,1.9852933881358399,3.566479794103303,0,0,0,0,0,2,,
9,12,case2_res_2to1,Case2-loop,0.1964108915677412,0.2260243896731315,-1.0609576910316054,-1.7011057714902398,1.961871578396932,1,0.9171671955885509,0.054287700845268815,0.0501266721391812,-1.6601770458650884,1.9864124235201075,0.0013737018944921552,-0.025926468928253885,6.850348392040026,2.2634520153361007e-14,20.356614583157896,2.649104616664779,2.0546474975914353,1.9782991960804788,3.5600852009591004,0,0,0,0,0,2,,
9,13,case2_res_2to1,Case2-loop,0.1964108915677412,0.2260243896731315,-1.0609576910316054,-1.7011057714902398,1.961871578396932,1,0.9171671955885509,0.0732883961411129,0.06770897244385958,-1.6457532897339142,1.994993212085859,0.0018469925119796885,-0.03485942716197554,6.850107545947599,2.8662909112156584e-14,20.35630107931675,2.6407953326511966,2.044718227212451,1.9688714697951932,3.5514880690465644,0,0,0,0,0,2,,
9,14,case2_res_2to1,Case2-loop,0.1964108915677412,0.2260243896731315,-1.0609576910316054,-1.7011057714902398,1.961871578396932,1,0.9171671955885509,0.09893933479050243,0.09147530028967028,-1.6261995175645332,2.0065679770251745,0.002482640542525317,-0.04680391272270722,6.849671039277668,3.863238063220285e-14,20.355732678579752,2.6296293408119507,2.0314170338169455,1.956170235743577,3.539946355458227,0,0,0,0,0,2,,
9,15,case2_res_2to1,Case2-loop,0.1964108915677412,0.2260243896731315,-1.0609576910316054,-1.7011057714902398,1.961871578396932,1,0.9171671955885509,0.1335681019671783,0.12361657317906431,-1.5996522469901826,2.022173772188349,0.003339079980618801,-0.06272096185523006,6.848881337343679,4.0571985158445914e-13,20.354703679115875,2.6146482141799567,2.013648547998792,1.9390701637526082,3.5244816385570106,0,0,0,0,0,2,,
9,16,case2_res_2to1,Case2-loop,0.1964108915677412,0.2260243896731315,-1.0609576910316054,-1.7011057714902398,1.961871578396932,1,0.9171671955885509,0.18031693765569073,0.167103156305711,-1.5635386926317099,2.0431974055210396,0.004503101908658809,-0.08383344622725424,6.847455962281916,2.2425038937202703e-11,20.352844187712606,2.594591254453229,1.9899993514001284,1.9160724065961834,3.5038147750744355,0,0,0,0,0,2,,
9,17,case2_res_2to1,Case2-loop,0.1964108915677412,0.2260243896731315,-1.0609576910316054,-1.7011057714902398,1.961871578396932,1,0.9171671955885509,0.2434278658351825,0.225988900513203,-1.5142797811768547,2.071481386943921,0.006116559024923155,-0.11165859563670806,6.844890828822471,1.6751313233155743e-14,20.349490874126644,2.5678168277486932,1.9586826098495935,1.8851852169341279,3.476297183712231,0,0,0,0,0,2,,
9,18,case2_res_2to1,Case2-loop,0.1964108915677412,0.2260243896731315,-1.0609576910316054,-1.7011057714902398,1.961871578396932,1,0.9171671955885509,0.3286276188774964,0.30579782658789895,-1.4468464833244035,2.1094463912245396,0.008442829421373983,-0.14800536604375367,6.840291716427691,2.547065463192091e-14,20.34345733146317,2.532220704187973,1.9175102028641322,1.8437852857303139,3.4398498867801464,0,0,0,0,0,2,,
9,19,case2_res_2to1,Case2-loop,0.1964108915677412,0.2260243896731315,-1.0609576910316054,-1.7011057714902398,1.961871578396932,1,0.9171671955885509,0.4436472854846202,0.4141107699712567,-1.3540792491784661,2.1602101994839797,0.0120399094920747,-0.19488818706731603,6.832083262646426,2.057095847711585e-11,20.332626974474575,2.4851725771252915,1.8639596548287112,1.788455004874982,3.391953744670925,0,0,0,0,0,2,,
9,20,case2_res_2to1,Case2-loop,0.1964108915677412,0.2260243896731315,-1.0609576910316054,-1.7011057714902398,1.961871578396932,1,0.9171671955885509,0.5989238354042373,0.5613731225552419,-1.2256129861671012,2.2276408162809074,0.018221343647785174,-0.2542683586697632,6.817508651478308,3.2994212864039266e-14,20.313237615977755,2.4235706745532655,1.795497060514839,1.7148481236407362,3.3298055884937896,0,0,0,0,0,2,,
9,21,case2_res_2to1,Case2-loop,0.1964108915677412,0.2260243896731315,-1.0609576910316054,-1.7011057714902398,1.961871578396932,1,0.9171671955885509,0.8085471777957205,0.7621497674154344,-1.0461332017027805,2.3161573059038876,0.030278213361211614,-0.32749920936297705,6.791749219066178,4.560486137667321e-14,20.278675263443944,2.34420755312107,1.7106607275511223,1.617719207271017,3.2510097022454296,0,0,0,0,0,2,,
10,1,case2_res_2to1,Case2-loop,0.1964108915677412,0.2260243896731315,-1.0609576910316054,-1.7011057714902398,1.961871578396932,2,0.3720614798877113,0.002,0.0019990492049706955,-1.702615870324252,1.9605640988940818,-9.467191541016476e-05,0.00015318755970323363,16.887502128461552,1.219090324630683e-13,20.356998475239394,2.6725462579326265,2.082520776901126,2.004594812060438,3.584311038724951,0,0,0,0,0,2,,
10,2,case2_res_2to1,Case2-loop,0.1964108915677412,0.2260243896731315,-1.0609576910316054,-1.7011057714902398,1.961871578396932,2,0.3720614798877113,0.0027,0.002698720446065742,-1.7031442180846244,1.9601062666568345,-0.0001278623101881272,0.00020690877852554224,16.887510365818923,7.50723938353833e-14,20.356998577736004,2.672377895951242,2.082218613791951,2.0043390501340466,3.5841136663960356,0,0,0,0,0,2,,
10,3,case2_res_2to1,Case2-loop,0.1964108915677412,0.2260243896731315,-1.0609576910316054,-1.7011057714902398,1.961871578396932,2,0.3720614798877113,0.0036450000000000002,0.0036432800008868054,-1.7038573339236331,1.959488016812722,-0.00017271473885438804,0.0002795192047939435,16.8875253791228,9.154398353508606e-14,20.356998764537273,2.672150626041505,2.0818106994378835,2.0039938787748266,3.583847172607468,0,0,0,0,0,2,,
10,4,case2_res_2to1,Case2-loop,0.1964108915677412,0.2260243896731315,-1.0609576910316054,-1.7011057714902398,1.961871578396932,2,0.3720614798877113,0.004920750000000001,0.004918441667138714,-1.70481976034762,1.9586530582154302,-0.00023334821221594656,0.00037770136006561023,16.887552741036696,5.3883664644303826e-14,20.35699910498542,2.6718438459833944,2.081260025715497,2.003528093151852,3.5834873310956543,0,0,0,0,0,2,,
10,5,case2_res_2to1,Case2-loop,0.1964108915677412,0.2260243896731315,-1.0609576910316054,-1.7011057714902398,1.961871578396932,2,0.3720614798877113,0.006643012500000002,0.006639935410783927,-1.706118525906955,1.9575252786288906,-0.0003153540152759516,0.0005105351754626903,16.887602609604016,1.5618616133776115e-13,20.356999725458657,2.671429755747649,2.080516635626555,2.002899639889291,3.5830014087728554,0,0,0,0,0,2,,
10,6,case2_res_2to1,Case2-loop,0.1964108915677412,0.2260243896731315,-1.0609576910316054,-1.7011057714902398,1.961871578396932,2,0.3720614798877113,0.008968066875000003,0.008963988315225924,-1.7078709300036465,1.9560017093991817,-0.0004263361008971967,0.0006903850478814807,16.887693498816095,8.27073751738705e-13,20.357000856285445,2.670870849176999,2.0795130944694113,2.0020518807744123,3.582345165799393,0,0,0,0,0,2,,
10,7,case2_res_2to1,Case2-loop,0.1964108915677412,0.2260243896731315,-1.0609576910316054,-1.7011057714902398,1.961871578396932,2,0.3720614798877113,0.012106890281250005,0.012101570010118618,-1.7102349823509877,1.9539429473190815,-0.0005766611305542263,0.0009341365473980322,16.88785915526925,4.477819486174138e-12,20.357002917247257,2.670116537085403,2.0781583786404143,2.000908599431692,3.58145878741812,0,0,0,0,0,2,,
10,8,case2_res_2to1,Case2-loop,0.1964108915677412,0.2260243896731315,-1.0609576910316054,-1.7011057714902398,1.961871578396932,2,0.3720614798877113,0.01634430187968751,0.01633747040788212,-1.7134233688027776,1.9511600776967006,-0.0007805081973883112,0.0012649369597291342,16.888161096871453,2.645063544602278e-11,20.35700667340689,2.669098605930875,2.0763296305049788,1.9993673536707008,3.580261331320527,0,0,0,0,0,2,,
10,9,case2_res_2to1,Case2-loop,0.1964108915677412,0.2260243896731315,-1.0609576910316054,-1.7011057714902398,1.961871578396932,2,0.3720614798877113,0.022064807537578137,0.022056245508775274,-1.7177220734071752,1.9473967539508477,-0.0010573531538707376,0.0017146733137388688,16.88871149125821,2.0781400846170657e-14,20.357013519092543,2.667725005549218,2.0738610367188355,1.9972906735096545,3.5786431268896224,0,0,0,0,0,2,,
10,10,case2_res_2to1,Case2-loop,0.1964108915677412,0.2260243896731315,-1.0609576910316054,-1.7011057714902398,1.961871578396932,2,0.3720614798877113,0.029787490175730486,0.029777198717921907,-1.7235150967339496,1.9423045200193483,-0.0014340934321945221,0.002327548552129682,16.889714903916044,2.388733125969387e-14,20.357025995389755,2.665871779595348,2.070528830852339,1.9944944974396748,3.5764557163880153,0,0,0,0,0,2,,
10,11,case2_res_2to1,Case2-loop,0.1964108915677412,0.2260243896731315,-1.0609576910316054,-1.7011057714902398,1.961871578396932,2,0.3720614798877113,0.04021311173723616,0.04020172386982703,-1.7313170598610128,1.9354086130780674,-0.0019481332062793878,0.003165322361328734,16.89154464500149,2.028003282053384e-14,20.357048732989675,2.663372001366184,2.0660310789891367,1.9907328550796595,3.5734973947959987,0,0,0,0,0,2,,
10,12,case2_res_2to1,Case2-loop,0.1964108915677412,0.2260243896731315,-1.0609576910316054,-1.7011057714902398,1.961871578396932,2,0.3720614798877113,0.054287700845268815,0.054277507249688633,-1.7418158291985937,1.926060190976663,-0.0026519323127732817,0.004315117191469089,16.89488264525063,6.014763219935965e-14,20.357090169538587,2.660000561100969,2.0599604503462876,1.9856792000043222,3.5694935226709976,0,0,0,0,0,2,,
10,13,case2_res_2to1,Case2-loop,0.1964108915677412,0.2260243896731315,-1.0609576910316054,-1.7011057714902398,1.961871578396932,2,0.3720614798877113,0.0732883961411129,0.073286020471755,-1.7559275356141892,1.9133689128987943,-0.0036198169479215864,0.0059012281221623155,16.900976936942616,4.670011342609718e-13,20.357165676345705,2.6554543568927045,2.0517675742683625,1.9789020524808214,3.564069302791657,0,0,0,0,0,2,,
10,14,case2_res_2to1,Case2-loop,0.1964108915677412,0.2260243896731315,-1.0609576910316054,-1.7011057714902398,1.961871578396932,2,0.3720614798877113,0.09893933479050243,0.09896404239883949,-1.774866265530254,1.8961065773232757,-0.004958308723227879,0.008103211771484252,16.91211953784797,1.253904579700183e-11,20.35730324789733,2.6493243162557265,2.0407116714378817,1.9698348916859112,3.5567107528584843,0,0,0,0,0,2,,
10,15,case2_res_2to1,Case2-loop,0.1964108915677412,0.2260243896731315,-1.0609576910316054,-1.7011057714902398,1.961871578396932,2,0.3720614798877113,0.1335681019671783,0.13367590144404887,-1.8002297983378077,1.8725672088808698,-0.006821890088420713,0.01118372059274323,16.932547119533165,7.970108402793527e-14,20.35755385090457,2.6410570300272918,2.02579423701223,1.9577444464564717,3.546707543904743,0,0,0,0,0,2,,
10,16,case2_res_2to1,Case2-loop,0.1964108915677412,0.2260243896731315,-1.0609576910316054,-1.7011057714902398,1.961871578396932,2,0.3720614798877113,0.18031693765569073,0.18066340629614838,-1.8341000631046416,1.8403598983343734,-0.009436894334222897,0.015530861310397383,16.970187149718697,3.0749932881508265e-14,20.3580102664626,2.629895324365535,2.005671683172919,1.9416907248850301,3.5330697615218116,0,0,0,0,0,2,,
10,17,case2_res_2to1,Case2-loop,0.1964108915677412,0.2260243896731315,-1.0609576910316054,-1.7011057714902398,1.961871578396932,2,0.3720614798877113,0.2434278658351825,0.24448441624720813,-1.879150312990061,1.7960943042854087,-0.013136450104124986,0.021719895988458075,17.040221227352433,7.142561406920187e-13,20.358841587734393,2.6147894015924105,1.978537847408917,1.920488563122184,3.51439782242112,0,0,0,0,0,2,,
10,18,case2_res_2to1,Case2-loop,0.1964108915677412,0.2260243896731315,-1.0609576910316054,-1.7011057714902398,1.961871578396932,2,0.3720614798877113,0.3286276188774964,0.33182603352566914,-1.9387350052794683,1.734886508002608,-0.018406543748568552,0.030592305052457868,17.173045371330453,4.1267740423584846e-14,20.360357590114155,2.594233800931241,1.9419710681570213,1.8926467636565658,3.4886847294723977,0,0,0,0,0,2,,
